3,Quarter To Three,,,,,,,,,,
3,0,,,,,,,,,,
3, N , N , N , N ,,,,,,,
3, N , N , N , N ,,,,,,,
3, 1_maj , 1_maj , 0:min , 0:min ,,,,,,,
3, 6_maj , 6_maj , 8_maj , 8_maj ,,,,,,,
3, 1_maj , 1_maj , 0:min , 0:min ,,,,,,,
3, 6_maj , 6_maj , 8_maj , 8_maj ,,,,,,,
3, 1_maj , 1_maj , 0:min , 0:min ,,,,,,,
3, 6_maj , 6_maj , 8_maj , 8_maj ,,,,,,,
3, 6_maj , 6_maj , 1_maj , 1_maj ,,,,,,,
3, 6_maj , 6_maj , 8_7 , 8_7 ,,,,,,,
3, 1_maj , 1_maj , 0:min , 0:min ,,,,,,,
3, 6_maj , 6_maj , 8_maj , 1_maj ,,,,,,,
3, 1_maj , 1_maj , 0:min , 0:min ,,,,,,,
3, 6_maj , 6_maj , 8_maj , 8_maj ,,,,,,,
3, 1_maj , 1_maj , 0:min , 0:min ,,,,,,,
3, 6_maj , 6_maj , 8_maj , 8_maj ,,,,,,,
3, 6_maj , 6_maj , 1_maj , 1_maj ,,,,,,,
3, 6_maj , 6_maj , 8_7 , 8_7 ,,,,,,,
3, 1_maj , 1_maj , 0:min , 0:min ,,,,,,,
3, 6_maj , 6_maj , 8_maj , 1_maj ,,,,,,,
3, 1_maj , 1_maj , 0:min , 0:min ,,,,,,,
3, 6_maj , 6_maj , 8_maj , 8_maj ,,,,,,,
3, 1_maj , 1_maj , 0:min , 0:min ,,,,,,,
3, 6_maj , 6_maj , 8_maj , 8_maj ,,,,,,,
3,0,,,,,,,,,,
3,0,,,,,,,,,,
3,Everybody Loves Somebody,,,,,,,,,,
3, 8_7 , 8_7 ,,,,,,,,,
3, N . . . , 6_maj . 0:7/5 0:7 , 3_min . 11_maj/3 . , 8_7 . . . ,,,,,,,
3, 1_maj . 5_min 4_min , 3_min . . . , 3_min/11 . . 2_maj/b5 , 1_maj . 3_min/11 2_maj/b5 ,,,,,,,
3, 1_maj . 1_aug . , 6_maj . 0:7/5 0:7 , 3_min . 11_maj/3 . , 8_7 . . . ,,,,,,,
3, 1_maj . 5_min 4_min , 3_min . . . , 3_min/11 . 2_maj/b5 . , 1_maj . . . ,,,,,,,
3, 1_7 . . . , 1_7 . . . , 6_maj . 1_aug . , 6_maj . 5_7(#9) . ,,,,,,,
3, 0:min . 0:minmaj7 0:min7 , 3_maj . . . , 3_min/11 . 5_min/b3 . , 8_9 . 8_7 . ,,,,,,,
3, 1_maj . 1_aug . , 6_maj . 0:7/5 0:7 , 3_min . 11_maj/3 . , 8_maj . . . ,,,,,,,
3, 1_maj . 5_min 4_min , 3_min . . . , 3_min/11 . 2_maj/b5 . , 1_maj . . . ,,,,,,,
3, 1_maj . . . , 1_maj . . . , 6_maj . 1_aug . , 6_maj . 5_7(#9) . ,,,,,,,
3, 0:min . 0:minmaj7 0:min7 , 3_maj . . . , 3_min/11 . 5_min/b3 . , 8_9 . 8_7 . ,,,,,,,
3, 1_maj . 1_aug . , 6_maj . 0:7/5 0:7 , 3_min . 11_maj/3 . , 8_maj . . . ,,,,,,,
3, 1_maj . 5_min 4_min , 3_min ," 8_7(b9,b13) ",,,,,,,,
3, 1_maj . 1_aug . , 1_maj . . . ,,,,,,,,,
3,0,,,,,,,,,,
3,0,,,,,,,,,,
3,Almost by Being In Love,,,,,,,,,,
3, 1_min11 , 1_min11 , 1_min11 , 1_min11 . 9_maj 11_maj ,,,,,,,
3, 1_min11 , 1_min11 , 1_min11 , 1_min11 . 9_maj 11_maj ,,,,,,,
3, 1_min7 , 1_min7 , 1_min7 , 1_min7 . 9_maj7 8_min7 ,,,,,,,
3, 6_min7 8_min7 , 9_maj7 . 9_maj 11_maj , 1_min11 , 1_min11 ,,,,,,,
3, 1_min7 , 1_min7 , 1_min7 , 1_min7 . 9_maj7 8_min7 ,,,,,,,
3, 6_min7 8_min7 , 9_maj7 11_maj , 1_min11 , 1_min11 ,,,,,,,
3, 3_hdim7 , 8_sus4(b7) 8_7 , 1_maj9 , 1_sus4 1_maj ,,,,,,,
3, 1_min7 , 9_9 , 3_hdim7 , 8_7 . 9_maj 11_maj ,,,,,,,
3, 1_min7 , 1_min7 , 1_min7 , 1_min7 . 9_maj7 8_min7 ,,,,,,,
3, 6_min7 8_min7 , 9_maj7 . 9_maj 11_maj ,,,,,,,,,
3, 1_min11 , 1_min11 , 1_min11 , 1_min11 . 9_maj 11_maj ,,,,,,,
3, 1_min9 , 1_min9 , 1_min9 , 1_min9 . 9_maj7 8_min7 ,,,,,,,
3, 6_min7 , (6/4) 11_maj , 1_min11 , 1_min11 ,,,,,,,
3, 3_hdim7 , 8_sus4(b7) 8_7 , 1_maj9 , 1_maj ,,,,,,,
3, 1_min7 , 9_9 , 3_hdim7 , 8_7 . 6_min7 11_maj ,,,,,,,
3, 1_min9 , 1_min9 , 1_min9 , 1_min9 . 9_maj 8_min ,,,,,,,
3, 6_min7 8_min7 , 9_maj7 . 9_maj 11_maj , 1_min11 , 1_min11 ,,,,,,,
3, 1_min11 , 1_min11 , 1_min11 , 1_min11 . 9_maj 11_maj , x4,,,,,,
3,0,,,,,,,,,,
3, 12_maj , 12_maj , 12_7 , 5_maj ,,,,,,,
3, 2_min7 7_7 , 2_min7 7_7 , 11_dim 12_maj , 8_7 ,,,,,,,
3, 1_maj , 1_maj , 8_7 , 8_7 ,,,,,,,
3, 8_7 , 8_7 , 1_maj , 1_maj ,,,,,,,
3, 1_maj , 1_maj , 1_7 , 6_maj ,,,,,,,
3, 8_7 , 8_7 , 12_dim 1_maj , 1_maj ,,,,,,,
3, 1_maj , 1_maj ,,,,,,,,,
3,0,,,,,,,,,,
3,0,,,,,,,,,,
3, 12_maj , 12_maj , 12_7 , 5_maj ,,,,,,,
3, 2_min7 7_7 , 2_min7 7_7 , 11_dim 12_maj , 8_7 ,,,,,,,
3, 1_maj , 1_maj , 8_7 , 8_7 ,,,,,,,
3, 8_7 , 8_7 , 1_maj , 1_maj ,,,,,,,
3, 1_maj , 1_maj , 1_7 , 6_maj ,,,,,,,
3, 8_7 , 8_7 , 12_dim 1_maj , 1_maj ,,,,,,,
3, 1_maj , 1_maj ,,,,,,,,,
3,0,,,,,,,,,,
3,0,,,,,,,,,,
3,Baby Come Back,,,,,,,,,,
3, 8_1 , 5_1 ,,,,,,,,,
3, 6_maj/9 , 5_min7 ,,,,,,,,,
3, 6_maj/9 , 5_min7 ,,,,,,,,,
3, 6_maj/9 , 5_min7 0:min , &pause ,,,,,,,,
3, 6_maj/9 , 5_min7 , x3,,,,,,,,
3, 6_maj/9 , 0:sus4(b7) 0:7 ,,,,,,,,,
3, 6_maj7 , 5_min7 0:min ,,,,,,,,,
3, 3_min7 5_min7 , 0:min ,,,,,,,,,
3, 6_maj7 , 5_min7 0:min ,,,,,,,,,
3, 3_min7 5_min7 , 0:min 11_maj7 ,,,,,,,,,
3, 6_maj/9 , 5_min7 ,,,,,,,,,
3, 6_maj/9 , 5_min7 , x3,,,,,,,,
3, 6_maj/9 , 0:sus4(b7) 0:7 ,,,,,,,,,
3, 6_maj7 , 5_min7 0:min ,,,,,,,,,
3, 3_min7 5_min7 , 0:min ,,,,,,,,,
3, 6_maj7 , 5_min7 0:min ,,,,,,,,,
3, 3_min7 5_min7 , 0:min 11_maj7 ,,,,,,,,,
3, 8_sus4(b7) 8_7 ,,,,,,,,,,
3, 4_maj7 , 11_maj7 , x2,,,,,,,,
3, 4_maj7 , 3_min7 8_min ,,,,,,,,,
3, 8_sus4(b7) , 8_sus4(b7) . , &pause ,,,,,,,,
3, 6_maj7 , 5_min7 0:min ,,,,,,,,,
3, 3_min7 5_min7 , 0:min ,,,,,,,,,
3, 6_maj7 , 5_min7 0:min ,,,,,,,,,
3, 3_min7 5_min7 , 0:min ,,,,,,,,,
3, 3_min7 5_min7 , 0:min ,,,,,,,,,
3, 6_maj7 , 5_min7 0:min ,,,,,,,,,
3, 3_min7 5_min7 , 0:min ,,,,,,,,,
3, 6_maj7 , 5_min7 0:min ,", fadeout",,,,,,,,
3, 3_min7 5_min7 , 0:min ,,,,,,,,,
3,0,,,,,,,,,,
3,0,,,,,,,,,,
3,Beat It,,,,,,,,,,
3, 5_1 , 5_1 , 2_1 , 2_1 ,,,,,,,
3, 5_1 , 5_1 ,,,,,,,,,
3, 12_1 , 12_1 , N , N ,,,,,,,
3, N , N , N , N ,,,,,,,
3, 1_min , 11_maj , 1_min , 11_maj ,,,,,,,
3, 1_min , 11_maj , 1_min , 11_maj ,,,,,,,
3, 1_min , 11_maj , 1_min , 11_maj ,,,,,,,
3, C9_maj , 11_maj , 1_min , 11_maj ,,,,,,,
3, 1_min , 11_maj , 1_min , 11_maj ,,,,,,,
3, C9_maj , 11_maj , 1_min , 11_maj ,,,,,,,
3, 1_min , 11_maj , 1_min , 11_maj ,,,,,,,
3, 1_min , 11_maj , 1_min , 11_maj ,,,,,,,
3, 1_min , 11_maj , 1_min , 11_maj ,,,,,,,
3, 1_min , 11_maj , 1_min , 11_maj ,,,,,,,
3, C9_maj , 11_maj , 1_min , 11_maj ,,,,,,,
3, 1_min , 11_maj , 1_min , 11_maj ,,,,,,,
3, C9_maj , 11_maj , 1_min , 11_maj ,,,,,,,
3, 1_min , 11_maj , 1_min , 11_maj ,,,,,,,
3, 1_min , 11_maj , 1_min , 11_maj ,,,,,,,
3, 1_min , 11_maj , 1_min , 11_maj ,,,,,,,
3, 1_min , 11_maj , 1_min , 11_maj ,,,,,,,
3, 1_min , 1_min , 1_min , 1_min ,,,,,,,
3, 1_min , 1_min , 1_min , 1_min ,,,,,,,
3, 1_min , 1_min , 1_min , 1_min ,,,,,,,
3, 1_min , 1_min , 1_min , 1_min ,,,,,,,
3, 1_min , 11_maj , 1_min , 11_maj ,,,,,,,
3, C9_maj , 11_maj , 1_min , 11_maj ,,,,,,,
3, 1_min , 11_maj , 1_min , 11_maj ,,,,,,,
3, C9_maj , 11_maj , 1_min , 11_maj ,,,,,,,
3, 1_min , 11_maj , 1_min , 11_maj ,,,,,,,
3, 1_min , 11_maj , 1_min , 11_maj ,,,,,,,
3, 1_min , 11_maj , 1_min , 11_maj ,,,,,,,
3, 1_min , 11_maj , 1_min , 11_maj ,,,,,,,
3, 1_min , 11_maj , 1_min , 11_maj ,,,,,,,
3, 1_min , 11_maj , 1_min , 11_maj ,,,,,,,
3, 1_min , 11_maj , 1_min , 11_maj ,,,,,,,
3, 1_min , 11_maj , 1_min , 11_maj ,,,,,,,
3, 1_min , 11_maj , 1_min , 11_maj ,,,,,,,
3,0,,,,,,,,,,
3,0,,,,,,,,,,
3,Bongo Stomp,,,,,,,,,,
3, 1_maj . 0:min . , 6_maj . 8_maj . , 1_maj . 0:min . , 6_maj . 8_maj . ,,,,,,,
3, 1_maj . . . , 1_maj . . . , 1_maj . . . , 1_maj . . . ,,,,,,,
3, 1_maj . . . , 1_maj . . . , 1_maj . . . , 1_maj . . . ,,,,,,,
3, 6_maj . . . , 6_maj . . . , 1_maj . . . , 1_maj . . . ,,,,,,,
3, 8_maj . 6_maj . , 1_maj . . . , 8_maj . 6_maj . , 1_maj . . . ,,,,,,,
3, 1_maj . . . , 1_maj . . . , 1_maj . . . , 1_maj . . . ,,,,,,,
3, 6_maj . . . , 6_maj . . . , 1_maj . . . , 1_maj . . . ,,,,,,,
3, 8_maj . 6_maj . , 1_maj . . . , 8_maj . 6_maj . , 1_maj . . . ,,,,,,,
3, 6_maj . . . , 6_maj . . . , 1_maj . . . , 1_maj . . . ,,,,,,,
3, 6_maj . . . , 6_maj . . . , 8_maj . 7_maj . , 8_maj . . . ,,,,,,,
3, 1_maj . . . , 1_maj . . . , 1_maj . . . , 1_maj . . . ,,,,,,,
3, 6_maj . . . , 6_maj . . . , 1_maj . . . , 1_maj . . . ,,,,,,,
3, 8_maj . 6_maj . , 1_maj . . . , 8_maj . 6_maj . , 1_maj . . . ,,,,,,,
3, 6_maj . . . , 8_maj . . . ,,,,,,,,,
3, 1_maj . . . , 1_maj . . . , 1_maj . . . , 1_maj . . . , 1_maj . . . , 1_maj . . . , 1_maj . . . , 1_maj . . . ,,,
3,0,,,,,,,,,,
3,0,,,,,,,,,,
3,Dance Away,,,,,,,,,,
3, N , N , N , N ,,,,,,,
3, 8_maj , 8_maj/b7 , 5_min , 3_maj ,,,,,,,
3, 1_maj , 1_maj , 0:maj , 0:maj , 6_maj , 8_maj , 6_maj , 8_maj ,,,
3, 1_maj , 1_maj , 0:maj , 0:maj , 6_maj , 8_maj , 6_maj , 8_maj , 6_maj , 8_maj , 8_maj 
3, 3_maj , 12_min , 8_maj , 0:maj ,,,,,,,
3, 3_maj , 12_min , 8_maj , 0:maj ,,,,,,,
3, 8_maj , 8_maj ,,,,,,,,,
3, 1_maj , 1_maj , 0:maj , 0:maj , 6_maj , 8_maj , 6_maj , 8_maj ,,,
3, 1_maj , 1_maj , 0:maj , 0:maj , 6_maj , 8_maj , 6_maj , 8_maj , 6_maj , 8_maj , 8_maj 
3, 3_maj , 12_min , 8_maj , 0:maj ,,,,,,,
3, 3_maj , 12_min , 8_maj , 0:maj ,,,,,,,
3, 3_maj , 11_maj , 3_maj , 11_maj ,,,,,,,
3, 4_maj , 4_sus4/b7 , 4_sus4/b7 , 4_sus4/b7 ,,,,,,,
3, N , N , N , N ,,,,,,,
3, 1_maj , 1_maj , 0:maj , 0:maj , 6_maj , 8_maj , 6_maj , 8_maj ,,,
3, 1_maj , 1_maj , 0:maj , 0:maj , 6_maj , 8_maj , 6_maj , 8_maj , 6_maj , 8_maj , 8_maj 
3, 3_maj , 12_min , 8_maj , 0:maj ,,,,,,,
3, 3_maj , 12_min , 8_maj , 0:maj ,,,,,,,
3, 3_maj , 12_min , 8_maj , 0:maj ,,,,,,,
3, 3_maj , 12_min , 8_maj , 0:maj ,,,,,,,
3, 3_maj , 12_min , 8_maj , 0:maj , 3_maj , 12_min , 8_maj ,,,,
3,0,,,,,,,,,,
3,0,,,,,,,,,,
3,Dance Away,,,,,,,,,,
3, N , N , N , N ,,,,,,,
3, 8_maj , 8_maj/b7 , 5_min , 3_maj ,,,,,,,
3, 1_maj , 1_maj , 0:maj , 0:maj , 6_maj , 8_maj , 6_maj , 8_maj ,,,
3, 1_maj , 1_maj , 0:maj , 0:maj , 6_maj , 8_maj , 6_maj , 8_maj , 6_maj , 8_maj , 8_maj 
3, 3_maj , 12_min , 8_maj , 0:maj ,,,,,,,
3, 3_maj , 12_min , 8_maj , 0:maj ,,,,,,,
3, 8_maj , 8_maj ,,,,,,,,,
3, 1_maj , 1_maj , 0:maj , 0:maj , 6_maj , 8_maj , 6_maj , 8_maj ,,,
3, 1_maj , 1_maj , 0:maj , 0:maj , 6_maj , 8_maj , 6_maj , 8_maj , 6_maj , 8_maj , 8_maj 
3, 3_maj , 12_min , 8_maj , 0:maj ,,,,,,,
3, 3_maj , 12_min , 8_maj , 0:maj ,,,,,,,
3, 3_maj , 11_maj , 3_maj , 11_maj ,,,,,,,
3, 4_maj , 4_sus4/b7 , 4_sus4/b7 , 4_sus4/b7 ,,,,,,,
3, N , N , N , N ,,,,,,,
3, 1_maj , 1_maj , 0:maj , 0:maj , 6_maj , 8_maj , 6_maj , 8_maj ,,,
3, 1_maj , 1_maj , 0:maj , 0:maj , 6_maj , 8_maj , 6_maj , 8_maj , 6_maj , 8_maj , 8_maj 
3, 3_maj , 12_min , 8_maj , 0:maj ,,,,,,,
3, 3_maj , 12_min , 8_maj , 0:maj ,,,,,,,
3, 3_maj , 12_min , 8_maj , 0:maj ,,,,,,,
3, 3_maj , 12_min , 8_maj , 0:maj ,,,,,,,
3, 3_maj , 12_min , 8_maj , 0:maj , 3_maj , 12_min , 8_maj ,,,,
3,0,,,,,,,,,,
3,0,,,,,,,,,,
3,Don't stand so close to me,,,,,,,,,,
3, 1_maj , 1_maj ,,,,,,,,,
3, 1_maj , 1_maj , 1_maj , 1_maj ,,,,,,,
3, 1_maj , 1_maj , 1_maj , 1_maj ,,,,,,,
3, 1_maj , 1_maj , 1_maj , 1_maj ,,,,,,,
3, 1_maj , 1_maj , 5_min , 5_min ,,,,,,,
3, 1_maj , 1_maj , 5_min , 5_min ,,,,,,,
3, 1_maj , 1_maj , 5_min , 5_min ,,,,,,,
3, 1_maj , 1_maj , 5_min , 5_min ,,,,,,,
3, 1_maj , 1_maj , 5_min , 5_min ,,,,,,,
3, 1_maj , 1_maj , 5_min , 5_min ,,,,,,,
3, 12_maj 7_maj , 12_maj 7_maj , 9_min7 9_min7/b7 , 12_maj/5 7_maj ,,,,,,,
3, 12_maj 7_maj , 12_maj 7_maj , 9_min7 9_min7/b7 , 12_maj/5 7_maj , 12_maj/5 7_maj ,,,,,,
3, 1_maj , 1_maj , 5_min , 5_min ,,,,,,,
3, 1_maj , 1_maj , 5_min , 5_min ,,,,,,,
3, 1_maj , 1_maj , 5_min , 5_min ,,,,,,,
3, 1_maj , 1_maj , 5_min , 5_min ,,,,,,,
3, 12_maj 7_maj , 12_maj 7_maj , 9_min7 9_min7/b7 , 12_maj/5 7_maj ,,,,,,,
3, 12_maj 7_maj , 12_maj 7_maj , 9_min7 9_min7/b7 , 12_maj/5 7_maj , 12_maj/5 7_maj ,,,,,,
3, 1_maj , 1_maj , 5_min , 5_min ,,,,,,,
3, 1_maj , 1_maj , 5_min , 5_min ,,,,,,,
3, 1_maj , 1_maj , 5_min , 5_min ,,,,,,,
3, 1_maj , 1_maj , 5_min , 5_min ,,,,,,,
3, 12_maj 7_maj , 12_maj 7_maj , 9_min7 9_min7/b7 , 12_maj/5 7_maj ,,,,,,,
3, 12_maj 7_maj , 12_maj 7_maj , 9_min7 9_min7/b7 , 12_maj/5 7_maj , 12_maj/5 7_maj ,,,,,,
3, 12_maj/5 7_maj , 12_maj/5 7_maj ,,,,,,,,,
3, 1_maj , 1_maj , 5_min , 5_min ,,,,,,,
3, 1_maj , 1_maj , 5_min , 5_min ,,,,,,,
3, 1_maj , 1_maj , 5_min , 5_min ,,,,,,,
3, 1_maj , 1_maj , 5_min , 5_min ,,,,,,,
3, 12_maj 7_maj , 12_maj 7_maj , 9_min7 9_min7/b7 , 12_maj/5 7_maj ,,,,,,,
3, 12_maj 7_maj , 12_maj 7_maj , 9_min7 9_min7/b7 , 12_maj/5 7_maj ,,,,,,,
3, 12_maj 7_maj , 12_maj 7_maj , 9_min7 9_min7/b7 , 12_maj/5 7_maj ,,,,,,,
3, 12_maj 7_maj , 12_maj 7_maj , 9_min7 9_min7/b7 , 12_maj/5 7_maj ,,,,,,,
3, 12_maj 7_maj , 12_maj 7_maj , 9_min7 9_min7/b7 , 12_maj/5 7_maj ,,,,,,,
3, 12_maj 7_maj , 12_maj 7_maj , 9_min7 9_min7/b7 , 12_maj/5 7_maj , 12_maj 7_maj ,,,,,,
3,0,,,,,,,,,,
3,0,,,,,,,,,,
3,Don't stand so close to me,,,,,,,,,,
3, 1_maj , 1_maj ,,,,,,,,,
3, 1_maj , 1_maj , 1_maj , 1_maj ,,,,,,,
3, 1_maj , 1_maj , 1_maj , 1_maj ,,,,,,,
3, 1_maj , 1_maj , 1_maj , 1_maj ,,,,,,,
3, 1_maj , 1_maj , 5_min , 5_min ,,,,,,,
3, 1_maj , 1_maj , 5_min , 5_min ,,,,,,,
3, 1_maj , 1_maj , 5_min , 5_min ,,,,,,,
3, 1_maj , 1_maj , 5_min , 5_min ,,,,,,,
3, 1_maj , 1_maj , 5_min , 5_min ,,,,,,,
3, 1_maj , 1_maj , 5_min , 5_min ,,,,,,,
3, 12_maj 7_maj , 12_maj 7_maj , 9_min7 9_min7/b7 , 12_maj/5 7_maj ,,,,,,,
3, 12_maj 7_maj , 12_maj 7_maj , 9_min7 9_min7/b7 , 12_maj/5 7_maj , 12_maj/5 7_maj ,,,,,,
3, 1_maj , 1_maj , 5_min , 5_min ,,,,,,,
3, 1_maj , 1_maj , 5_min , 5_min ,,,,,,,
3, 1_maj , 1_maj , 5_min , 5_min ,,,,,,,
3, 1_maj , 1_maj , 5_min , 5_min ,,,,,,,
3, 12_maj 7_maj , 12_maj 7_maj , 9_min7 9_min7/b7 , 12_maj/5 7_maj ,,,,,,,
3, 12_maj 7_maj , 12_maj 7_maj , 9_min7 9_min7/b7 , 12_maj/5 7_maj , 12_maj/5 7_maj ,,,,,,
3, 1_maj , 1_maj , 5_min , 5_min ,,,,,,,
3, 1_maj , 1_maj , 5_min , 5_min ,,,,,,,
3, 1_maj , 1_maj , 5_min , 5_min ,,,,,,,
3, 1_maj , 1_maj , 5_min , 5_min ,,,,,,,
3, 12_maj 7_maj , 12_maj 7_maj , 9_min7 9_min7/b7 , 12_maj/5 7_maj ,,,,,,,
3, 12_maj 7_maj , 12_maj 7_maj , 9_min7 9_min7/b7 , 12_maj/5 7_maj , 12_maj/5 7_maj ,,,,,,
3, 12_maj/5 7_maj , 12_maj/5 7_maj ,,,,,,,,,
3, 1_maj , 1_maj , 5_min , 5_min ,,,,,,,
3, 1_maj , 1_maj , 5_min , 5_min ,,,,,,,
3, 1_maj , 1_maj , 5_min , 5_min ,,,,,,,
3, 1_maj , 1_maj , 5_min , 5_min ,,,,,,,
3, 12_maj 7_maj , 12_maj 7_maj , 9_min7 9_min7/b7 , 12_maj/5 7_maj ,,,,,,,
3, 12_maj 7_maj , 12_maj 7_maj , 9_min7 9_min7/b7 , 12_maj/5 7_maj ,,,,,,,
3, 12_maj 7_maj , 12_maj 7_maj , 9_min7 9_min7/b7 , 12_maj/5 7_maj ,,,,,,,
3, 12_maj 7_maj , 12_maj 7_maj , 9_min7 9_min7/b7 , 12_maj/5 7_maj ,,,,,,,
3, 12_maj 7_maj , 12_maj 7_maj , 9_min7 9_min7/b7 , 12_maj/5 7_maj ,,,,,,,
3, 12_maj 7_maj , 12_maj 7_maj , 9_min7 9_min7/b7 , 12_maj/5 7_maj , 12_maj 7_maj ,,,,,,
3,0,,,,,,,,,,
3,0,,,,,,,,,,
3,Feel Like Making Love,,,,,,,,,,
3, 3_min9 ," 8_sus4(b7,9) ", 1_maj7 , 11_7 0:7 ,,,,,,,
3, 3_min9 ," 8_sus4(b7,9) ", 1_maj7 , 7_7(#11) ,,,,,,,
3, 6_maj7 , 5_min7 , 3_min7 , 0:min ,,,,,,,
3, 6_maj7 , 5_min7 , 11_7(#11) , 0:min , 3_7 ,,,,,,
3, 3_min9 ," 8_sus4(b7,9) ", 1_maj7 , 11_7 0:7 ,,,,,,,
3, 3_min9 ," 8_sus4(b7,9) ", 1_maj7 , 7_7(#11) ,,,,,,,
3, 6_maj7 , 5_min7 , 3_min7 , 0:min ,,,,,,,
3, 6_maj7 , 5_min7 , 11_7(#11) , 0:min , 3_7 ,,,,,,
3, 3_min9 ," 8_sus4(b7,9) ", 1_maj7 , 11_7 0:7 ,,,,,,,
3, 3_min9 ," 8_sus4(b7,9) ", 1_maj7 , 7_7(#11) ,,,,,,,
3, 6_maj7 , 5_min7 , 3_min7 , 0:min ,,,,,,,
3, 6_maj7 , 5_min7 , 11_7(#11) , 0:min , 3_7 ,,,,,,
3, 3_min9 ," 8_sus4(b7,9) ", 1_maj7 , 11_7 0:7 ,,,,,,,
3, 3_min9 ," 8_sus4(b7,9) ", 1_maj7 , 7_7(#11) ,,,,,,,
3, 6_maj7 , 5_min7 , 3_min7 , 0:min ,,,,,,,
3, 6_maj7 , 5_min7 , 11_7(#11) , 0:min , 3_7 ,,,,,,
3,0,,,,,,,,,,
3,0,,,,,,,,,,
3,Feel Like Making Love,,,,,,,,,,
3, 3_min9 ," 8_sus4(b7,9) ", 1_maj7 , 11_7 0:7 ,,,,,,,
3, 3_min9 ," 8_sus4(b7,9) ", 1_maj7 , 7_7(#11) ,,,,,,,
3, 6_maj7 , 5_min7 , 3_min7 , 0:min ,,,,,,,
3, 6_maj7 , 5_min7 , 11_7(#11) , 0:min , 3_7 ,,,,,,
3, 3_min9 ," 8_sus4(b7,9) ", 1_maj7 , 11_7 0:7 ,,,,,,,
3, 3_min9 ," 8_sus4(b7,9) ", 1_maj7 , 7_7(#11) ,,,,,,,
3, 6_maj7 , 5_min7 , 3_min7 , 0:min ,,,,,,,
3, 6_maj7 , 5_min7 , 11_7(#11) , 0:min , 3_7 ,,,,,,
3, 3_min9 ," 8_sus4(b7,9) ", 1_maj7 , 11_7 0:7 ,,,,,,,
3, 3_min9 ," 8_sus4(b7,9) ", 1_maj7 , 7_7(#11) ,,,,,,,
3, 6_maj7 , 5_min7 , 3_min7 , 0:min ,,,,,,,
3, 6_maj7 , 5_min7 , 11_7(#11) , 0:min , 3_7 ,,,,,,
3, 3_min9 ," 8_sus4(b7,9) ", 1_maj7 , 11_7 0:7 ,,,,,,,
3, 3_min9 ," 8_sus4(b7,9) ", 1_maj7 , 7_7(#11) ,,,,,,,
3, 6_maj7 , 5_min7 , 3_min7 , 0:min ,,,,,,,
3, 6_maj7 , 5_min7 , 11_7(#11) , 0:min , 3_7 ,,,,,,
3,0,,,,,,,,,,
3,0,,,,,,,,,,
3,Feel Like Making Love,,,,,,,,,,
3, 3_min9 ," 8_sus4(b7,9) ", 1_maj7 , 11_7 0:7 ,,,,,,,
3, 3_min9 ," 8_sus4(b7,9) ", 1_maj7 , 7_7(#11) ,,,,,,,
3, 6_maj7 , 5_min7 , 3_min7 , 0:min ,,,,,,,
3, 6_maj7 , 5_min7 , 11_7(#11) , 0:min , 3_7 ,,,,,,
3, 3_min9 ," 8_sus4(b7,9) ", 1_maj7 , 11_7 0:7 ,,,,,,,
3, 3_min9 ," 8_sus4(b7,9) ", 1_maj7 , 7_7(#11) ,,,,,,,
3, 6_maj7 , 5_min7 , 3_min7 , 0:min ,,,,,,,
3, 6_maj7 , 5_min7 , 11_7(#11) , 0:min , 3_7 ,,,,,,
3, 3_min9 ," 8_sus4(b7,9) ", 1_maj7 , 11_7 0:7 ,,,,,,,
3, 3_min9 ," 8_sus4(b7,9) ", 1_maj7 , 7_7(#11) ,,,,,,,
3, 6_maj7 , 5_min7 , 3_min7 , 0:min ,,,,,,,
3, 6_maj7 , 5_min7 , 11_7(#11) , 0:min , 3_7 ,,,,,,
3, 3_min9 ," 8_sus4(b7,9) ", 1_maj7 , 11_7 0:7 ,,,,,,,
3, 3_min9 ," 8_sus4(b7,9) ", 1_maj7 , 7_7(#11) ,,,,,,,
3, 6_maj7 , 5_min7 , 3_min7 , 0:min ,,,,,,,
3, 6_maj7 , 5_min7 , 11_7(#11) , 0:min , 3_7 ,,,,,,
3,0,,,,,,,,,,
3,0,,,,,,,,,,
3,For The Good Times,,,,,,,,,,
3, N . 6_maj 5_min7 ," 8_sus4(b7,9,13) ", 6_7(b9) , 1_maj6 , 1_maj6 ,,,,,,
3, 3_min7 , 8_7 , 1_maj 1_maj6 , 1_maj7 1_maj6 ,,,,,,,
3, 3_min7 , 8_7 , 1_maj 1_maj6 , 1_maj7 , 1_maj ,,,,,,
3, 6_maj , 8_7 , 1_maj , 1_maj ,,,,,,,
3, 6_maj , 3_min7 , 8_7 ," 8_sus4(b7,9) ",,,,,,,
3, 1_maj7 , 1_maj7 , 8_maj , 8_7 ,,,,,,,
3, 8_7 , 8_7 , 1_maj , 3_min7 8_7 ,,,,,,,
3, 1_maj 1_maj9 , 3_min7 1_7 , 6_maj9 6_maj6 , 6_min(9) 6_min ,,,,,,,
3, 8_7 ," 3_sus4(b7,9) ", 8_7 , 8_7(b9) ,,,,,,,
3, 1_maj7 ," 8_sus4(b7,9) ", 1_maj , 1_maj ,,,,,,,
3, 3_min7 , 8_7 , 1_maj 1_maj7 , 1_maj6 1_maj ,,,,,,,
3, 3_min7 , 8_sus4(b7) 8_7 , 1_maj 1_maj7 , 1_maj6 1_maj ,,,,,,,
3, 6_maj , 8_7 , 1_maj 1_maj7 , 1_maj6 1_maj ,,,,,,,
3, 6_maj , 3_min7 , 8_7 ," 8_sus4(b7,9) ",,,,,,,
3, 1_maj7 , 1_maj7 , 8_maj , 8_7 ,,,,,,,
3, 8_7 , 8_7 , 1_maj , 3_min7 8_7 ,,,,,,,
3, 1_maj 1_maj9 , 3_min7 1_7 , 6_maj9 6_maj6 , 6_min(9) 6_min ,,,,,,,
3, 8_7 ," 3_sus4(b7,9) ", 8_7 , 8_7(b9) ,,,,,,,
3, 1_maj7 ," 8_sus4(b7,9) ", 1_maj ," 8_sus4(b7,9) ", 1_maj ,,,,,,
3,0,,,,,,,,,,
3,0,,,,,,,,,,
3,For The Good Times,,,,,,,,,,
3, N . 6_maj 5_min7 ," 8_sus4(b7,9,13) ", 6_7(b9) , 1_maj6 , 1_maj6 ,,,,,,
3, 3_min7 , 8_7 , 1_maj 1_maj6 , 1_maj7 1_maj6 ,,,,,,,
3, 3_min7 , 8_7 , 1_maj 1_maj6 , 1_maj7 , 1_maj ,,,,,,
3, 6_maj , 8_7 , 1_maj , 1_maj ,,,,,,,
3, 6_maj , 3_min7 , 8_7 ," 8_sus4(b7,9) ",,,,,,,
3, 1_maj7 , 1_maj7 , 8_maj , 8_7 ,,,,,,,
3, 8_7 , 8_7 , 1_maj , 3_min7 8_7 ,,,,,,,
3, 1_maj 1_maj9 , 3_min7 1_7 , 6_maj9 6_maj6 , 6_min(9) 6_min ,,,,,,,
3, 8_7 ," 3_sus4(b7,9) ", 8_7 , 8_7(b9) ,,,,,,,
3, 1_maj7 ," 8_sus4(b7,9) ", 1_maj , 1_maj ,,,,,,,
3, 3_min7 , 8_7 , 1_maj 1_maj7 , 1_maj6 1_maj ,,,,,,,
3, 3_min7 , 8_sus4(b7) 8_7 , 1_maj 1_maj7 , 1_maj6 1_maj ,,,,,,,
3, 6_maj , 8_7 , 1_maj 1_maj7 , 1_maj6 1_maj ,,,,,,,
3, 6_maj , 3_min7 , 8_7 ," 8_sus4(b7,9) ",,,,,,,
3, 1_maj7 , 1_maj7 , 8_maj , 8_7 ,,,,,,,
3, 8_7 , 8_7 , 1_maj , 3_min7 8_7 ,,,,,,,
3, 1_maj 1_maj9 , 3_min7 1_7 , 6_maj9 6_maj6 , 6_min(9) 6_min ,,,,,,,
3, 8_7 ," 3_sus4(b7,9) ", 8_7 , 8_7(b9) ,,,,,,,
3, 1_maj7 ," 8_sus4(b7,9) ", 1_maj ," 8_sus4(b7,9) ", 1_maj ,,,,,,
3,0,,,,,,,,,,
3,0,,,,,,,,,,
3,Funny Girl,,,,,,,,,,
3, (7/4) 1_maj7 , (7/4) 3_min7 ,,,,,,,,,
3, (7/4) 1_maj7 . . . . . 2_dim , (7/4) 3_min7 . . . . 4_dim . ,,,,,,,,,
3, 5_min7 5_7 , 0:min7 , 3_9(#11) , 6_maj7 7_hdim7 ,,,,,,,
3, 8_sus4(b7) 8_7 , 3_7(#11) . 5_min/b3 2_dim , 3_min7 2_dim , 3_min6 3_min(b13) 8_7 8_maj6/b7 ,,,,,,,
3, 5_min , 4_dim , 3_min11 . 3_sus4(b7)/b7 3_7/b7 , 3_7 9_7 8_aug . ,,,,,,,
3, 1_maj7 , 1_maj7 , 6_maj7 , 6_maj7 7_dim ,,,,,,,
3, 1_maj7/5 , 1_maj7(#5) 1_maj7 . . , 4_maj7 , 0:7 ,,,,,,,
3, 3_min7 , 6_7 , 1_maj7/5 , 3_7(#11) , &pause ,,,,,,
3, 8_dim 8_maj7 9_dim . , 0:min , &pause ,,,,,,,,
3, (2/4) 0:min , 1_7 , 6_maj7 ,,,,,,,,
3, 3_9 , &pause ,,,,,,,,,
3, 1_maj/3 0:9 , 3_min ,,,,,,,,,
3," (2/4) 8_sus4(b7,9) ",,,,,,,,,,
3, 1_maj7(#11) , x2,,,,,,,,,
3, 11_maj7 , x2,,,,,,,,,
3, 1_maj7(#11) , x3,,,,,,,,,
3,0,,,,,,,,,,
3,0,,,,,,,,,,
3,Get Up (I Feel Like Being Like A) Sex Machine (Part 1),,,,,,,,,,
3,0,,,,,,,,,,
3, 6_13 ,,,,,,,,,,
3, 1_13 , 1_13 ,,,,,,,,,
3, 1_13 , 1_13 ,,,,,,,,,
3, 1_13 , 1_13 ,,,,,,,,,
3, 1_13 , 1_13 ,,,,,,,,,
3, 1_13 , 1_13 ,,,,,,,,,
3, 1_13 , 1_13 ,,,,,,,,,
3, 1_13 , 1_13 ,,,,,,,,,
3, 1_13 , 1_13 ,,,,,,,,,
3, 1_13 , 1_13 ,,,,,,,,,
3, 1_13 , 1_13 ,,,,,,,,,
3, 1_13 , 1_13 ,,,,,,,,,
3, 1_13 , 1_13 ,,,,,,,,,
3, 1_13 , 1_13 ,,,,,,,,,
3, 1_13 , 1_13 ,,,,,,,,,
3, 1_13 , 1_13 ,,,,,,,,,
3, 1_13 , 1_13 ,,,,,,,,,
3, 1_13 , 1_13 ,,,,,,,,,
3, 1_13 , 1_13 ,,,,,,,,,
3, 1_13 , 1_13 ,,,,,,,,,
3, 1_13 , 1_13 ,,,,,,,,,
3, 1_13 , 1_13 ,,,,,,,,,
3, 1_13 , 1_13 ,,,,,,,,,
3, 1_13 , 1_13 ,,,,,,,,,
3, 1_13 , 1_13 ,,,,,,,,,
3, 1_13 , 1_13 ,,,,,,,,,
3, 1_13 , 1_13 ,,,,,,,,,
3, 1_13 , 1_13 ,,,,,,,,,
3, 6_13 , 6_13 ,,,,,,,,,
3, 6_13 , 6_13 ,,,,,,,,,
3, 6_13 , 6_13 ,,,,,,,,,
3, 6_13 , 6_13 ,,,,,,,,,
3, 6_13 , 6_13 ,,,,,,,,,
3, 6_13 , 6_13 ,,,,,,,,,
3, 6_13 , 6_13 ,,,,,,,,,
3, 6_13 , 6_13 ,,,,,,,,,
3, 6_13 ,,,,,,,,,,
3, 1_13 , 1_13 ,,,,,,,,,
3, 1_13 , 1_13 ,,,,,,,,,
3, 1_13 , 1_13 ,,,,,,,,,
3, 1_13 , 1_13 ,,,,,,,,,
3, 1_13 , 1_13 ,,,,,,,,,
3, 1_13 ,,,,,,,,,,
3, 1_13 , 1_13 ,,,,,,,,,
3, 1_13 , 1_13 ,,,,,,,,,
3, 1_13 , 1_13 ,,,,,,,,,
3, 1_13 , 1_13 ,,,,,,,,,
3, 1_13 , 1_13 ,,,,,,,,,
3, 1_13 , 1_13 ,,,,,,,,,
3, 1_13 , 1_13 ,,,,,,,,,
3, 1_13 , 1_13 ,,,,,,,,,
3, 1_13 , 1_13 ,,,,,,,,,
3, 1_13 , 1_13 ,,,,,,,,,
3, 1_13 , 1_13 ,,,,,,,,,
3, 1_13 , 1_13 ,,,,,,,,,
3, 1_13 , 1_13 ,,,,,,,,,
3, 1_13 , 1_13 ,,,,,,,,,
3, 1_13 , 1_13 ,,,,,,,,,
3, 1_13 , 1_13 ,,,,,,,,,
3, 1_13 ,,,,,,,,,,
3, 1_13 , 1_13 ,,,,,,,,,
3, 1_13 , 1_13 ,,,,,,,,,
3, 1_13 , 1_13 ,,,,,,,,,
3, 1_13 , 1_13 ,,,,,,,,,
3, 1_13 , 1_13 ,,,,,,,,,
3, 1_13 , 1_13 ,,,,,,,,,
3, 1_13 , 1_13 ,,,,,,,,,
3, 1_13 , 1_13 ,,,,,,,,,
3, 1_13 , 1_13 ,,,,,,,,,
3, 1_13 , 1_13 ,,,,,,,,,
3, 6_13 ,,,,,,,,,,
3,0,,,,,,,,,,
3,0,,,,,,,,,,
3,Going To Chicago Blues,,,,,,,,,,
3, N , N , 3_9 9_7 , 8_7 8_aug(b7) ,,,,,,,
3, 1_maj , 6_7 7_dim , 1_maj , 1_7 ,,,,,,,
3, 6_7 , 6_7 , 1_maj , 1_maj ,,,,,,,
3, 3_min7 9_7 , 8_7 , 1_maj 6_7 , 1_maj ,,,,,,,
3, 1_maj , 6_7 , 1_maj , 1_maj ,,,,,,,
3, 6_7 , 6_7 , 1_maj , 1_maj ,,,,,,,
3, 3_min7 , 8_7 , 1_maj . 6_7 7_dim , 1_maj 8_7 ,,,,,,,
3, 1_7 , 6_maj , 1_7 , 1_7 ,,,,,,,
3, 6_7 , 6_7 , 1_7 , 1_7 ,,,,,,,
3, 8_7 , 8_7 , 1_maj . 6_7 7_dim , 8_7 ,,,,,,,
3, 1_7 , 6_7 , 1_7 , 1_7 ,,,,,,,
3, 6_7 , 6_7 , 1_7 , 1_7 ,,,,,,,
3, 8_7 , 8_7 , 1_maj . 6_7 7_dim , 1_maj 8_7 ,,,,,,,
3, 1_7 , 1_7 , 1_7 , 1_7 ,,,,,,,
3, 6_7 , 6_7 , 1_7 , 1_7 ,,,,,,,
3, 3_sus4(b7) 8_7 , 3_sus4(b7) 8_7 , 1_maj . 6_7 7_dim , 1_maj 8_7 ,,,,,,,
3, 1_7 , 1_7 , 1_7 , 1_7 ,,,,,,,
3, 6_7 , 6_7 , 1_7 , 1_7 ,,,,,,,
3, 3_sus4(b7) 8_7 , 3_sus4(b7) 8_7 , 1_maj . 6_7 7_dim , 1_maj 8_7 1_maj . ,,,,,,,
3, 1_maj6/5 1_maj ,,,,,,,,,,
3,0,,,,,,,,,,
3,0,,,,,,,,,,
3,Higher Ground,,,,,,,,,,
3, 1_7(#9) . 4_maj 6_maj , 1_7(#9) , 1_7(#9) . 4_maj 6_maj , 1_7(#9) ,,,,,,,
3, 1_7(#9) . 4_maj 6_maj , 1_7(#9) , 1_7(#9) . 4_maj 6_maj , 1_7(#9) ,,,,,,,
3, 1_7(#9) . 4_maj 6_maj , 1_7(#9) , 1_7(#9) . 4_maj 6_maj , 1_7(#9) ,,,,,,,
3, 1_7(#9) . 4_maj 6_maj , 1_7(#9) , 1_7(#9) . 4_maj 6_maj , 1_7(#9) ,,,,,,,
3, 1_7(#9) . 4_maj 6_maj , 1_7(#9) , 1_7(#9) . 4_maj 6_maj , 1_7(#9) ,,,,,,,
3, 3_7 , 3_7 , 6_7 , 11_7 ,,,,,,,
3, 1_7(#9) . 4_maj 6_maj , 1_7(#9) , 1_7(#9) . 4_maj 6_maj , 1_7(#9) ,,,,,,,
3, 1_7(#9) . 4_maj 6_maj , 1_7(#9) , 1_7(#9) . 4_maj 6_maj , 1_7(#9) ,,,,,,,
3, 1_7(#9) . 4_maj 6_maj , 1_7(#9) , 1_7(#9) . 4_maj 6_maj , 1_7(#9) ,,,,,,,
3, 3_7 , 3_7 , 6_7 , 11_7 ,,,,,,,
3, 1_7(#9) . 4_maj 6_maj , 1_7(#9) , 1_7(#9) . 4_maj 6_maj , 1_7(#9) ,,,,,,,
3, 6_7 , 1_7(#9) , 6_7 , 1_7(#9) ,,,,,,,
3, 6_7 , 1_7(#9) , 3_7 , 8_7(#9) ,,,,,,,
3, 1_7(#9) . 4_maj 6_maj , 1_7(#9) , 1_7(#9) . 4_maj 6_maj , 1_7(#9) ,,,,,,,
3, 1_7(#9) . 4_maj 6_maj , 1_7(#9) , 1_7(#9) . 4_maj 6_maj , 1_7(#9) ,,,,,,,
3, 1_7(#9) . 4_maj 6_maj , 1_7(#9) , 1_7(#9) . 4_maj 6_maj , 1_7(#9) ,,,,,,,
3, 3_7 , 3_7 , 6_7 , 11_7 ,,,,,,,
3, 1_7(#9) . 4_maj 6_maj , 1_7(#9) , 1_7(#9) . 4_maj 6_maj , 1_7(#9) ,,,,,,,
3, 1_7(#9) . 4_maj 6_maj , 1_7(#9) , 1_7(#9) . 4_maj 6_maj , 1_7(#9) ,,,,,,,
3, 1_7(#9) . 4_maj 6_maj , 1_7(#9) , 1_7(#9) . 4_maj 6_maj , 1_7(#9) ,,,,,,,
3, 3_7 , 3_7 , 6_7 , 11_7 ,,,,,,,
3, 1_7(#9) . 4_maj 6_maj , 1_7(#9) , 1_7(#9) . 4_maj 6_maj , 1_7(#9) ,,,,,,,
3, 6_7 , 1_7(#9) , 6_7 , 1_7(#9) ,,,,,,,
3, 6_7 , 1_7(#9) , 3_7 , 8_7(#9) ,,,,,,,
3, 1_7(#9) . 4_maj 6_maj , 1_7(#9) , 1_7(#9) . 4_maj 6_maj , 1_7(#9) ,,,,,,,
3, 1_7(#9) . 4_maj 6_maj , 1_7(#9) , 1_7(#9) . 4_maj 6_maj , 1_7(#9) ,,,,,,,
3, 1_7(#9) . 4_maj 6_maj , 1_7(#9) , 1_7(#9) . 4_maj 6_maj , 1_7(#9) ,,,,,,,
3, 1_7(#9) . 4_maj 6_maj , 1_7(#9) , 1_7(#9) . 4_maj 6_maj , 1_7(#9) ,,,,,,,
3, 1_7(#9) . 4_maj 6_maj , 1_7(#9) , 1_7(#9) . 4_maj 6_maj , 1_7(#9) ,,,,,,,
3, 1_7(#9) . 4_maj 6_maj , 1_7(#9) ,,,,,,,,,
3,0,,,,,,,,,,
3,0,,,,,,,,,,
3,I Adore Mi Amor,,,,,,,,,,
3, 1_maj , 9_maj 12_dim , 1_maj , 9_maj , 11_maj , N , ->,,,,
3, 4_maj6 6_maj6 , 1_maj , 4_maj6 6_maj6 , 1_maj ,,,,,,,
3, 4_maj6 6_maj6 , 1_maj , 4_maj6 6_maj6 , 1_maj , 1_maj , ->,,,,,
3, 1_min11 , 6_min11 8_min , 1_min11 , 6_min11 8_min ,,,,,,,
3, 6_min11 6_min9 , 1_min13 , 6_min9 , 8_sus4 8_maj , 8_maj ,,,,,,
3, 1_min11 , 6_min11 8_min , 1_min11 , 6_min11 8_min ,,,,,,,
3, 6_min11 6_min9 , 1_min13 , 6_min9 , 8_sus4 8_maj ,,,,,,,
3, 1_maj , 9_maj 8_7 , 1_maj , 6_min7 , 8_11 ,,,,,,
3, 1_maj9 , 4_maj 6_11 , 1_maj9 , 4_maj 6_11 ,,,,,,,
3, 1_maj9 , 4_maj 6_11 , 1_maj9 , 4_maj 6_11 ,,,,,,,
3, 1_maj9 , 1_maj9 ,,,,,,,,,
3, 1_min11 , 6_min11 8_min , 1_min11 , 6_min11 8_min ,,,,,,,
3, 6_min11 6_min9 , 1_min13 , 6_min9 , 8_sus4 8_maj ,,,,,,,
3, 1_min11 , 6_min/5 , 1_min11 , 6_min11 8_min ,,,,,,,
3, 6_min11 6_min9 , 1_min13 , 6_min9 7_dim , 8_sus4 8_maj ,,,,,,,
3, 1_maj , 9_maj 8_7 , 1_maj , 6_min7 , 8_11 ,,,,,,
3, 1_maj9 , 4_maj 6_11 , 1_maj9 , 4_maj 6_11 ,,,,,,,
3, 1_maj9 , 4_maj 6_11 , 1_maj9 , 4_maj 6_11 ,,,,,,,
3, 1_maj9 , 1_maj9 ,,,,,,,,,
3, 1_min11 , 6_min11 8_min , 1_min11 , 6_min11 8_min ,,,,,,,
3, 1_min11 , 6_min11 8_min , 1_min11 , 6_min11 8_min ,,,,,,,
3, 6_min11 6_min9 , 1_min13 , 6_min9 , 8_sus4 8_maj , 8_11 ,,,,,,
3, 1_maj9 , 4_maj 6_11 , 1_maj9 , 4_maj 6_11 ,,,,,,,
3, 1_maj9 , 4_maj 6_11 , 1_maj9 , 4_maj 6_11 ,,,,,,,
3, 1_maj9 , 4_maj 6_11 , 1_maj9 , 4_maj 6_11 ,,,,,,,
3, 1_maj9 , 4_maj 6_11 , 1_maj9 , 4_maj 6_11 ,,,,,,,
3,0,,,,,,,,,,
3,0,,,,,,,,,,
3, 11_maj , 11_maj , 6_maj , 6_maj ,,,,,,,
3, 6_maj , 6_maj , 6_maj , 11_maj ,,,,,,,
3, 1_maj , 1_maj ,,,,,,,,,
3, 1_maj , 1_maj , 8_maj , 8_maj ,,,,,,,
3, 8_maj , 8_maj , 1_maj , 1_maj ,,,,,,,
3, 1_maj , 1_maj , 8_maj , 8_maj ,,,,,,,
3, 8_maj , 8_maj , 8_maj , 1_maj ,,,,,,,
3, 1_maj , 1_maj , 8_maj , 8_maj ,,,,,,,
3, 8_maj , 8_maj , 1_maj , 1_maj ,,,,,,,
3, 1_maj , 1_maj , 8_maj , 8_maj ,,,,,,,
3, 8_maj , 8_maj , 8_maj , 1_maj ,,,,,,,
3,0,,,,,,,,,,
3,0,,,,,,,,,,
3,I Won't Stand In Your Way,,,,,,,,,,
3, 1_maj 0:min7 , 9_7 8_7 , &pause ,,,,,,,,
3, 1_maj 1_maj7 , 1_7 , 6_maj , 6_min 11_7 ,,,,,,,
3, 1_maj 1_maj/7 , 0:min7 1_maj/5 , 6_maj 3_min , 9_7 8_7 ,,,,,,,
3, 1_maj 1_maj7 , 1_7 , 6_maj , 6_min 11_7 ,,,,,,,
3, 1_maj 1_maj/7 , 0:min7 1_maj/5 , 3_min7 8_13 , 1_maj 1_7 ,,,,,,,
3, 6_maj , 11_7 , 1_maj 6_maj , 1_maj 1_7 ,,,,,,,
3, 3_7 , 3_7 , 3_min7 , 8_7 ,,,,,,,
3, 1_maj 1_maj7 , 1_7 , 6_maj , 6_min 11_7 ,,,,,,,
3, 1_maj 1_maj/7 , 0:min7 1_maj/5 , 3_min7 8_13 , 1_maj ,,,,,,,
3, 1_maj 1_maj7 , 1_7 , 6_maj , 6_min 11_7 ,,,,,,,
3, 1_maj 1_maj/7 , 0:min7 1_maj/5 , 3_min7 8_13 , 1_maj 6_min , 1_maj 1_7 ,,,,,,
3, 6_maj , 6_min , 1_maj 6_maj , 1_maj 1_7 ,,,,,,,
3, 3_7 , 3_7 , 3_min7 , 9_7 8_7 , &pause ,,,,,,
3, 1_maj 1_maj7 , 1_7 , 6_maj , 6_min 11_7 ,,,,,,,
3, 1_maj 1_maj/7 , 0:min7 1_maj/5 ,,,,,,,,,
3, 6_maj , 11_7 , 3_min7 , 8_13 , &pause ,,,,,,
3, 1_maj , 6_min , 1_maj9 ,,,,,,,,
3,0,,,,,,,,,,
3,0,,,,,,,,,,
3, 5_7 , 5_7 , 12_maj , 12_maj ,,,,,,,
3, 7_7 , 7_7 , 7_7 , 12_maj , 12_maj ,,,,,,
3, 1_maj , 1_maj ,,,,,,,,,
3, 1_maj , 1_maj , 1_maj , 1_maj ,,,,,,,
3, 6_7 , 6_7 , 1_maj , 1_maj ,,,,,,,
3, 8_7 , 8_7 , 1_maj , 1_maj ,,,,,,,
3, 1_maj , 1_maj , 1_maj , 1_maj ,,,,,,,
3, 11_maj 4_maj , 11_maj 4_maj , 11_maj 4_maj , 4_maj 11_maj ,,,,,,,
3, 1_min 3_min , 3_min7 8_maj ,,,,,,,,,
3, 1_maj 6_maj , 1_maj 6_maj , 1_maj 6_maj , 1_maj 6_maj ,,,,,,,
3, 1_maj 6_maj , 1_maj 6_maj , 1_maj 6_maj , 1_maj 6_maj ,,,,,,,
3, 5_min , 0:min , 5_min , 0:min ,,,,,,,
3, 3_min 5_min , 8_11 , 3_min 5_min , 8_11 , 1_maj 6_maj , 6_maj 1_maj ,,,,,
3, 3_min 5_min , 8_11 , 3_min 5_min , 8_11 , 1_maj 6_maj , 6_maj 1_maj ,,,,,
3, 3_min 5_min , 8_11 , 3_min 5_min , 8_11 , 1_maj 6_maj , 6_maj 1_maj ,,,,,
3,0,,,,,,,,,,
3,0,,,,,,,,,,
3, 11_maj 4_maj , 11_maj 4_maj , 11_maj 4_maj , 4_maj 11_maj ,,,,,,,
3, 1_min 3_min , 3_min7 8_maj ,,,,,,,,,
3, 1_maj 6_maj , 1_maj 6_maj , 1_maj 6_maj , 1_maj 6_maj ,,,,,,,
3, 1_maj 6_maj , 1_maj 6_maj , 1_maj 6_maj , 1_maj 6_maj ,,,,,,,
3, 5_min , 0:min , 5_min , 0:min ,,,,,,,
3, 3_min 5_min , 8_11 , 3_min 5_min , 8_11 , 1_maj 6_maj , 6_maj 1_maj ,,,,,
3, 3_min 5_min , 8_11 , 3_min 5_min , 8_11 , 1_maj 6_maj , 6_maj 1_maj ,,,,,
3, 3_min 5_min , 8_11 , 3_min 5_min , 8_11 , 1_maj 6_maj , 6_maj 1_maj ,,,,,
3,0,,,,,,,,,,
3,0,,,,,,,,,,
3, 11_maj 4_maj , 11_maj 4_maj , 11_maj 4_maj , 4_maj 11_maj ,,,,,,,
3, 1_min 3_min , 3_min7 8_maj ,,,,,,,,,
3, 1_maj 6_maj , 1_maj 6_maj , 1_maj 6_maj , 1_maj 6_maj ,,,,,,,
3, 1_maj 6_maj , 1_maj 6_maj , 1_maj 6_maj , 1_maj 6_maj ,,,,,,,
3, 5_min , 0:min , 5_min , 0:min ,,,,,,,
3, 3_min 5_min , 8_11 , 3_min 5_min , 8_11 , 1_maj 6_maj , 6_maj 1_maj ,,,,,
3, 3_min 5_min , 8_11 , 3_min 5_min , 8_11 , 1_maj 6_maj , 6_maj 1_maj ,,,,,
3, 3_min 5_min , 8_11 , 3_min 5_min , 8_11 , 1_maj 6_maj , 6_maj 1_maj ,,,,,
3,0,,,,,,,,,,
3,0,,,,,,,,,,
3,Jamie,,,,,,,,,,
3, 8_7 , 8_7 ,,,,,,,,,
3, 1_maj 0:min , 3_min7 8_7 , 1_maj 0:min , 3_min7 8_7 ,,,,,,,
3, 1_maj , 8_7 , 1_maj , 1_7 ,,,,,,,
3, 6_maj , 6_maj , 3_7 , 3_7 ,,,,,,,
3, 1_maj 0:min , 6_maj 8_7 , 1_maj 0:min , 6_maj 8_7 ,,,,,,,
3, 1_maj 0:min , 6_maj , 8_7 , 8_7 ,,,,,,,
3, 1_maj , 8_7 , 1_maj , 1_7 ,,,,,,,
3, 6_maj , 6_maj , 3_7 , 3_7 ,,,,,,,
3, 1_maj 0:min , 6_maj 8_7 , 1_maj 0:min , 6_maj 8_7 , 1_maj 0:min , 6_maj 8_7 ,,,,,
3, 1_maj 6_maj , 1_7 ,,,,,,,,,
3, 6_maj , 6_maj , 5_maj , 5_maj ,,,,,,,
3, 6_maj , 6_maj , 3_maj , 8_7 , 8_7 ,,,,,,
3, 1_maj , 8_7 , 1_maj , 1_7 ,,,,,,,
3, 6_maj , 6_maj , 3_7 , 3_7 , x2,,,,,,
3, 1_maj 0:min , 6_maj 8_7 , 1_maj 0:min , 6_maj 8_7 , 1_maj 0:min , 6_maj 8_7 ,,,,,
3, 1_maj 6_maj , 1_7 ,,,,,,,,,
3, 1_maj 0:min , 6_maj 8_7 ,,,,,,,,,
3, 1_maj 0:min , 6_maj 8_7 ,", fadeout",,,,,,,,
3, 1_maj 0:min , 6_maj 8_7 ,,,,,,,,,
3,0,,,,,,,,,,
3,0,,,,,,,,,,
3,Lady,,,,,,,,,,
3, 1_min , 1_min ,,,,,,,,,
3, 1_min , 6_min/5 11_maj/9 , 1_min ,,,,,,,,
3, 6_min/5 11_maj/9 , (2/4) 11_maj/9 , 1_min , 1_min ,,,,,,,
3, 1_min , 6_min/5 11_maj/9 , 1_min ,,,,,,,,
3, 6_min/5 11_maj/9 , (2/4) 11_maj/9 , 1_min , 1_min ,,,,,,,
3, 6_min , 8_min 1_min ,,,,,,,,,
3, C9_maj 8_min , 1_sus4 1_maj ,,,,,,,,,
3, 6_min , 8_min 1_min ,,,,,,,,,
3, C9_maj 8_min , 1_sus4 , 1_maj ,,,,,,,,
3, 1_min , 6_min/5 11_maj/9 , 1_min ,,,,,,,,
3, 6_min/5 11_maj/9 , (2/4) 11_maj/9 , 1_min , 1_min ,,,,,,,
3, 1_min , 6_min/5 11_maj/9 , 1_min ,,,,,,,,
3, 6_min/5 11_maj/9 , (2/4) 11_maj/9 , 1_min , 1_min ,,,,,,,
3, 6_min , 8_min 1_min ,,,,,,,,,
3, C9_maj 8_min , 1_sus4 1_maj ,,,,,,,,,
3, 6_min , 8_min 1_min ,,,,,,,,,
3, C9_maj 8_min , 1_sus4 , 1_maj ,,,,,,,,
3, C9_maj , 11_7/b7 ,,,,,,,,,
3, 4_maj 11_maj/3 , 1_min 1_min/b7 ,,,,,,,,,
3, C9_maj , 11_7/b7 ,,,,,,,,,
3, 4_maj 11_maj/3 , 1_min 1_min/b7 ,,,,,,,,,
3, C9_maj , 11_7/b7 ,,,,,,,,,
3, 4_maj 11_maj/3 , 1_min 1_min/b7 ,,,,,,,,,
3, C9_maj 8_min 6_min . , 11_sus4(b7) , &pause ,,,,,,,,
3, 1_min , 6_maj/5 11_maj/9 , 1_min ,,,,,,,,
3,0,,,,,,,,,,
3,0,,,,,,,,,,
3,Land Of 1000 Dances,,,,,,,,,,
3, 8_maj ,,,,,,,,,,
3, 1_7 , 1_7 , 1_7 , 1_7 ,,,,,,,
3, 1_7 , 1_7 , 1_7 , 1_7 ,,,,,,,
3, 1_7 , 1_7 , 1_7 , 1_7 ,,,,,,,
3, 1_7 , 1_7 , 1_7 , 1_7 ,,,,,,,
3, 1_7 , 1_7 , 1_7 , 1_7 ,,,,,,,
3, 1_7 , 1_7 , 1_7 , 1_7 ,,,,,,,
3, 1_7 , 1_7 , 1_7 , 1_7 ,,,,,,,
3, 1_7 , 1_7 , 1_7 , 1_7 ,,,,,,,
3, 1_7 , 1_7 , 1_7 , 1_7 ,,,,,,,
3, 1_7 , 1_7 , 1_7 , 1_7 ,,,,,,,
3, 1_7 , 1_7 , 1_7 , 1_7 ,,,,,,,
3, 1_7 , 1_7 , 1_7 , 1_7 ,,,,,,,
3, 1_7 , 1_7 , 1_7 , 1_7 ,,,,,,,
3, 1_7 , 1_7 , 1_7 , 1_7 ,,,,,,,
3, 1_7 , 1_7 , 1_7 , 1_7 ,,,,,,,
3, 1_7 , 1_7 , 1_7 , 1_7 ,,,,,,,
3, 1_7 , 1_7 , 1_7 , 1_7 ,,,,,,,
3, 1_7 , 1_7 , 1_7 , 1_7 ,,,,,,,
3, 1_7 , 1_7 , 1_7 , 1_7 ,,,,,,,
3, 1_7 , 1_7 , 1_7 , 1_7 ,,,,,,,
3, 1_7 , 1_7 , 1_7 ,,,,,,,,
3,0,,,,,,,,,,
3,0,,,,,,,,,,
3,Last Child,,,,,,,,,,
3, 11_min(9) , 11_min(9) , 4_maj6(b7) , 4_maj6(b7) ,,,,,,,
3, 1_7 , 1_7 ,,,,,,,,,
3, 1_7(#9) , 1_7(#9) , 1_7(#9) , 1_7(#9) ,,,,,,,
3, 1_7(#9) , 1_7(#9) , 1_7(#9) , 1_7(#9) ,,,,,,,
3, 1_7(#9) , 1_7(#9) , 1_7(#9) , 1_7(#9) ,,,,,,,
3, 6_7 , 6_7 , 6_7 , 6_7 ,,,,,,,
3, 1_7(#9) , 1_7(#9) , 11_maj , 6_maj ,,,,,,,
3, 1_7(#9) , 1_7(#9) ,,,,,,,,,
3, 1_7(#9) , 1_7(#9) , 1_7(#9) , 1_7(#9) ,,,,,,,
3, 1_7(#9) , 1_7(#9) , 1_7(#9) , 1_7(#9) ,,,,,,,
3, 6_7 , 6_7 , 6_7 , 6_7 ,,,,,,,
3, 1_7(#9) , 1_7(#9) , 11_maj , 6_maj ,,,,,,,
3, 1_7(#9) , 1_7(#9) ,,,,,,,,,
3, 1_7(#9) , 1_7(#9) , 1_7(#9) , 1_7(#9) ,,,,,,,
3, 1_7(#9) , 1_7(#9) , 11_maj , 6_maj ,,,,,,,
3, 1_7(#9) , 1_7(#9) , 11_maj , 6_maj ,,,,,,,
3, 1_7(#9) , 1_7(#9) , 1_7(#9) , 1_7(#9) ,,,,,,,
3, 1_7(#9) , 1_7(#9) , 1_7(#9) , 1_7(#9) ,,,,,,,
3, 1_7(#9) , 1_7(#9) , 1_7(#9) , 1_7(#9) ,,,,,,,
3,0,,,,,,,,,,
3,Last Dance,,,,,,,,,,
3, 1_maj , 6_maj/5 , 1_maj , 6_maj/5 ,,,,,,,
3, 1_maj7 , 6_maj/5 , 1_maj7 , 8_aug(b7) ,,,,,,,
3, 1_maj7 , 6_maj/5 , 1_7 , 1_7 ,,,,,,,
3, 6_maj7 , 8_maj/b7 , 5_min7 , 0:min ,,,,,,,
3, 6_maj7 , 8_maj/b7 , 5_min7 5_7 , 0:min 3_9 , 3_9 , &pause ,,,,,
3, 1_maj/5 , 6_maj/9 , 1_maj/5 , 6_maj/9 ,,,,,,,
3, 1_maj/5 , 6_maj/9 ,,,,,,,,,
3, 3_9/3 , 8_maj ,,,,,,,,,
3, 1_maj7 , 6_maj/5 , 1_maj7 , 8_aug(b7) ,,,,,,,
3, 1_maj7 , 6_maj/5 , 1_7 , 1_7 ,,,,,,,
3, 6_maj7 , 8_maj/b7 , 5_min7 , 0:min ,,,,,,,
3,Last Dance,,,,,,,,,,
3, 1_maj , 6_maj/5 , 1_maj , 6_maj/5 ,,,,,,,
3, 1_maj7 , 6_maj/5 , 1_maj7 , 8_aug(b7) ,,,,,,,
3, 1_maj7 , 6_maj/5 , 1_7 , 1_7 ,,,,,,,
3, 6_maj7 , 8_maj/b7 , 5_min7 , 0:min ,,,,,,,
3, 6_maj7 , 8_maj/b7 , 5_min7 5_7 , 0:min 3_9 , 3_9 , &pause ,,,,,
3, 1_maj/5 , 6_maj/9 , 1_maj/5 , 6_maj/9 ,,,,,,,
3, 1_maj/5 , 6_maj/9 ,,,,,,,,,
3, 3_9/3 , 8_maj ,,,,,,,,,
3, 1_maj7 , 6_maj/5 , 1_maj7 , 8_aug(b7) ,,,,,,,
3, 1_maj7 , 6_maj/5 , 1_7 , 1_7 ,,,,,,,
3, 6_maj7 , 8_maj/b7 , 5_min7 , 0:min ,,,,,,,
3,Last Dance,,,,,,,,,,
3, 1_maj , 6_maj/5 , 1_maj , 6_maj/5 ,,,,,,,
3, 1_maj7 , 6_maj/5 , 1_maj7 , 8_aug(b7) ,,,,,,,
3, 1_maj7 , 6_maj/5 , 1_7 , 1_7 ,,,,,,,
3, 6_maj7 , 8_maj/b7 , 5_min7 , 0:min ,,,,,,,
3, 6_maj7 , 8_maj/b7 , 5_min7 5_7 , 0:min 3_9 , 3_9 , &pause ,,,,,
3, 1_maj/5 , 6_maj/9 , 1_maj/5 , 6_maj/9 ,,,,,,,
3, 1_maj/5 , 6_maj/9 ,,,,,,,,,
3, 3_9/3 , 8_maj ,,,,,,,,,
3, 1_maj7 , 6_maj/5 , 1_maj7 , 8_aug(b7) ,,,,,,,
3, 1_maj7 , 6_maj/5 , 1_7 , 1_7 ,,,,,,,
3, 6_maj7 , 8_maj/b7 , 5_min7 , 0:min ,,,,,,,
3,Little Old Lady From Pasadena,,,,,,,,,,
3, N , N , 8_maj , 8_maj ,,,,,,,
3, 1_maj , 1_maj , 1_maj , 6_maj 1_maj ,,,,,,,
3, 1_maj , 1_maj , 8_7 , 3_maj 8_7 ,,,,,,,
3, 1_maj , 6_maj , 3_maj 11_maj , 8_7 , 8_7 ,,,,,,
3, 1_maj , 1_maj , 1_maj , 1_maj ,,,,,,,
3, 6_maj , 6_maj , 1_maj , 1_maj ,,,,,,,
3, 4_maj , 8_maj , 8_maj , 8_maj ,,,,,,,
3, 1_maj , 1_maj , 1_maj , 6_maj 1_maj ,,,,,,,
3, 1_maj , 1_maj , 8_7 , 3_maj 8_7 ,,,,,,,
3, 1_maj , 6_maj , 3_maj 11_maj , 8_7 , 8_7 ,,,,,,
3, 1_maj , 1_maj , 1_maj , 1_maj ,,,,,,,
3,Make Me Smile,,,,,,,,,,
3, 6_maj7 , 6_maj7 , C9_maj/5 , C9_maj/5 ,,,,,,,
3, 6_maj7 , 6_maj7 , C9_maj/5 , C9_maj/5 ,,,,,,,
3, 0:sus2/5 , 0:sus2/5 ,,,,,,,,,
3, 8_sus4(b7) , 8_sus4(b7) , 8_sus4(b7) , 8_sus4(b7) , 8_sus4(b7) , 8_sus4(b7) ,,,,,
3, 2_maj7 , 2_maj7 , 5_maj7 , 5_maj7 ,,,,,,,
3, 6_sus4 , 6_sus4 ,,,,,,,,,
3, 0:min , 6_maj , 1_maj , 8_maj 5_7 ,,,,,,,
3, 0:min , 6_maj , 1_maj , 8_maj 5_7 ,,,,,,,
3, 0:min 8_maj/3 , 1_maj 3_min , 5_sus4(b7) , 5_7 ,,,,,,,
3, 1_sus4 1_maj , 11_maj 6_maj ,,,,,,,,,
3, 1_sus4 1_maj , 11_maj 6_maj ,,,,,,,,,
3, 1_sus4 1_maj , 11_maj 6_maj ,,,,,,,,,
3, 1_sus4 1_maj , 11_maj 6_maj ,,,,,,,,,
3, 1_maj 0:min , 8_sus4 8_maj , 6_sus4 , 6_maj ,,,,,,,
3, 0:min , 6_maj , 1_maj , 8_maj 5_7 ,,,,,,,
3, 0:min , 6_maj , 1_maj , 8_maj 5_7 ,,,,,,,
3, 0:min 8_maj/3 , 1_maj 3_min , 5_sus4(b7) , 5_7 ,,,,,,,
3, 1_sus4 1_maj , 11_maj 6_maj ,,,,,,,,,
3, 1_sus4 1_maj , 11_maj 6_maj ,,,,,,,,,
3, 1_sus4 1_maj , 11_maj 6_maj ,,,,,,,,,
3,Maniac,,,,,,,,,,
3, N , N , N , N , x2,,,,,,
3, C9_maj7(#11) , 11_11 , 1_min7 , 1_min11 , x2,,,,,,
3, 1_min(b13) , 1_min6 , 1_min7 , 1_maj9 ,,,,,,,
3, C9_maj , 11_maj/b7 , C9_maj , 8_sus4 8_maj ,,,,,,,
3, 1_min(b13) , 1_min6 , 1_min7 , 1_maj9 ,,,,,,,
3, C9_maj , 11_maj/b7 , C9_maj , 8_sus4 8_maj ,,,,,,,
3, 6_7 , 6_7 , 8_aug , 8_aug ,,,,,,,
3, C9_maj , C9_maj , 8_sus4 , 8_maj ,,,,,,,
3, C9_maj7(#11) , 11_11 , 1_min7 , 1_min11 , x3,,,,,,
3, C9_maj7(#11) , 11_11 , 6_min , 6_min , 6_min , 6_min ,,,,,
3, 1_min(b13) , 1_min6 , 1_min7 , 1_maj9 ,,,,,,,
3, C9_maj , 11_maj/b7 , C9_maj , 8_sus4 8_maj ,,,,,,,
3, 1_min(b13) , 1_min6 , 1_min7 , 1_maj9 ,,,,,,,
3, C9_maj , 11_maj/b7 , C9_maj , 8_sus4 8_maj ,,,,,,,
3, 6_7 , 6_7 , 8_aug , 8_aug ,,,,,,,
3, C9_maj , C9_maj , 8_sus4 , 8_maj ,,,,,,,
3, C9_maj7(#11) , 11_11 , 1_min7 , 1_min11 , x3,,,,,,
3, C9_maj7(#11) , 11_11 , 6_min , 6_min ,,,,,,,
3, 4_maj(11) ," 3_1(b5,11) ", 8_5(b7)/5 , 1_min7 , x4,,,,,,
3, 1_min(b13) , 1_min6 , 1_min7 , 1_maj9 ,,,,,,,
3, C9_maj , 11_maj/b7 , C9_maj , 8_sus4 8_maj ,,,,,,,
3, 1_min(b13) , 1_min6 , 1_min7 , 1_maj9 ,,,,,,,
3, C9_maj , 11_maj/b7 , C9_maj , 8_sus4 8_maj ,,,,,,,
3, 6_7 , 6_7 , 8_aug , 8_aug ,,,,,,,
3, C9_maj , C9_maj , 8_sus4 , 8_maj ,,,,,,,
3, C9_maj7(#11) , 11_11 , 1_min7 , 1_min11 , x3,,,,,,
3, C9_maj7(#11) , 11_11 , 6_min , 6_min ,,,,,,,
3, C9_maj7(#11) , 11_11 , 1_min7 , 1_min11 , x3,,,,,,
3,0,,,,,,,,,,
3,0,,,,,,,,,,
3,Mighty Good Lovin',,,,,,,,,,
3, 1_1 8_1 11_1 1_1 , 1_1 8_1 11_1 1_1 ,,,,,,,,,
3, 1_7 , 1_7 , 1_7 , 1_7 8_7 . . ,,,,,,,
3, 1_7 , 1_7 , 1_7 , 1_7 ,,,,,,,
3, 1_7 , 1_7 , 1_7 , 1_7 ,,,,,,,
3, 6_7 , 6_7 , 1_7 , 1_7 ,,,,,,,
3, 8_7 , 6_7 , 1_7 , N ,,,,,,,
3, 1_7 , 6_7 , 1_7 , 6_7 ,,,,,,,
3, 1_7 , 6_7 , 1_7 , 6_7 ,,,,,,,
3, 8_7 , 6_7 , 1_7 , N ,,,,,,,
3, 1_7 , 1_7 , 1_7 , 1_7 ,,,,,,,
3, 8_7 , 6_7 , 3_7 , 8_7 ,,,,,,,
3, 1_7 , 1_7 , 1_7 , 1_7 ,,,,,,,
3, 1_7 , 1_7 , 1_7 , 1_7 ,,,,,,,
3, 6_7 , 6_7 , 1_7 , 1_7 ,,,,,,,
3, 8_7 , 6_7 , 1_7 , N ,,,,,,,
3, 1_7 , 6_7 , 1_7 , 6_7 ,,,,,,,
3, 1_7 , 6_7 , 1_7 , 6_7 ,,,,,,,
3, 8_7 , 6_7 , 1_7 , N ,,,,,,,
3, 1_7 , 6_7 , 1_7 , 6_7 ,,,,,,,
3, 1_7 , 6_7 , 1_7 , 6_7 ,,,,,,,
3, 1_7 , 6_7 , 1_7 , 6_7 , 1_7 , 6_7 , 1_7 , 6_7 ,,,
3,0,,,,,,,,,,
3,0,,,,,,,,,,
3, 9_min 2_min ," 7_sus4(b7,9) 12_maj ",,,,,,,,,
3, 12_maj 9_min , 5_maj 12_maj ,,,,,,,,,
3, 1_maj 0:min , 6_maj 1_maj ,,,,,,,,,
3, 1_maj 0:min , 6_maj 1_maj ,,,,,,,,,
3, 1_maj 0:min , 6_maj 1_maj ,,,,,,,,,
3, 1_maj 0:min , 6_maj 1_maj ,,,,,,,,,
3, 0:min 3_min ," 8_sus4(b7,9) 1_maj ",,,,,,,,,
3, 1_maj 0:min , 6_maj 1_maj ,,,,,,,,,
3, 1_maj 0:min , 6_maj 1_maj ,,,,,,,,,
3, 1_maj 0:min , 6_maj 1_maj ,,,,,,,,,
3, 0:min 3_min ," 8_sus4(b7,9) 1_maj ",,,,,,,,,
3, 1_maj 0:min , 6_maj 1_maj ,,,,,,,,,
3, 1_maj 0:min , 6_maj 1_maj ,,,,,,,,,
3, 1_maj 0:min , 6_maj 1_maj ,,,,,,,,,
3, 0:min 3_min ," 8_sus4(b7,9) 1_maj ", 1_maj ,,,,,,,,
3,0,,,,,,,,,,
3,0,,,,,,,,,,
3,0,,,,,,,,,,
3,Right Place Wrong Time,,,,,,,,,,
3, N ,,,,,,,,,,
3, N , 1_min7 , 1_min7 ,,,,,,,,
3, 1_min7 , 1_min7 , 1_min7 , 1_min7 ,,,,,,,
3, 1_min7 , 6_7/5 , 1_min7 , 6_7/5 ,,,,,,,
3, 1_min7 , 6_7/5 , 1_min7 , 6_7/5 ,,,,,,,
3, 1_min7 , 6_7 , 1_min7 , 6_7 ,,,,,,,
3, 1_min7 , 6_7 , 1_min7 , 6_7 ,,,,,,,
3, 1_min7 , 6_7 , 1_min7 , 6_7 4_7 3_7 2_7 ,,,,,,,
3, 1_min7 , 1_min7 6_7/b7 , 1_min7 , 1_min7 ,,,,,,,
3, 1_min7 , 1_min7 6_7/b7 , 1_min7 , 1_min7 ,,,,,,,
3, 1_min7 , 6_7 , 1_min7 , 6_7 ,,,,,,,
3, 1_min7 , 6_7 , 1_min7 , 6_7 4_7 3_7 2_7 ,,,,,,,
3, 1_min7 , 1_min7 , 1_min7 , 1_min7 ,,,,,,,
3, 3_7 , 8_maj ,,,,,,,,,
3, 1_min7 , 6_7 , 1_min7 , 6_7 ,,,,,,,
3, 1_min7 , 6_7 , 1_min7 , 6_7 ,,,,,,,
3, 1_min7 , 6_7 , 1_min7 , 6_7 ,,,,,,,
3, 1_min7 , 6_7 , 1_min7 , 6_7 ,,,,,,,
3, 1_min7 , 6_7 , 1_min7 , 6_7 ,,,,,,,
3, 1_min7 , 6_7 , 1_min7 , 6_7 ,,,,,,,
3, 1_min7 , 6_7 , 1_min7 , 6_7 4_7 3_7 2_7 ,,,,,,,
3, 1_min7 , 1_min7 6_7/b7 , 1_min7 , 1_min7 ,,,,,,,
3, 1_min7 , 1_min7 6_7/b7 , 1_min7 , 1_min7 ,,,,,,,
3, 1_min7 , 6_7 , 1_min7 , 6_7 ,,,,,,,
3, 1_min7 , 6_7 , 1_min7 , 6_7 ,,,,,,,
3, 1_min7 , 6_7 , 1_min7 , 6_7 ,,,,,,,
3, 1_min7 , 6_7 , 1_min7 , 6_7 ,,,,,,,
3, 1_min7 , 6_7 , 1_min7 , 6_7 ,,,,,,,
3, 1_min7 , 6_7 , 1_min7 , 6_7 ,,,,,,,
3, 1_min7 , 6_7 , 1_min7 , 6_7 ,,,,,,,
3, 1_min7 , 6_7 , 1_min7 , 6_7 4_7 3_7 2_7 ,,,,,,,
3, 1_min7 , 1_min7 6_7/b7 , 1_min7 , 1_min7 ,,,,,,,
3, 1_min7 , 1_min7 6_7/b7 , &pause ,,,,,,,,
3,0,,,,,,,,,,
3,0,,,,,,,,,,
3,0,,,,,,,,,,
3,Rocket Ride , 5_5 6_5 , 7_5 8_5 , 9_5 0:5 ,,,,,,,
3, 1_min , 1_min , 1_min , 1_min ,,,,,,,
3, 1_min , 1_min , 1_min , 1_min ,,,,,,,
3, 3_5 . . 8_5 , 3_5 . . 1_5 , 3_5 . . 8_5 , 3_5 4_5 5_5 6_5 ,,,,,,,
3, 1_min , 1_min , 1_min , 1_min ,,,,,,,
3, 3_5 . . 8_5 , 3_5 . . 1_5 , 3_5 . . 8_5 , 3_5 4_5 5_5 6_5 ,,,,,,,
3, 1_min , 1_min , 1_min , 1_min ,,,,,,,
3, 11_maj , 1_min , 3_5 , 3_5 ,,,,,,,
3, 3_maj . . 8_maj/5 , 3_maj . . 8_maj/5 , 3_maj 1_maj . 8_maj , 8_maj 1_maj . 8_maj ,,,,,,,
3, 3_maj . . 8_maj/5 , 3_maj . . 8_maj/5 , 3_maj 1_maj . 8_maj , 8_maj 1_maj . 8_maj ,,,,,,,
3, 1_min , 1_min , 1_min , 1_min ,,,,,,,
3, 1_min , 1_min , 1_min , 1_min ,,,,,,,
3, 3_5 . . 8_5 , 3_5 . . 1_5 , 3_5 . . 8_5 , 3_5 4_5 5_5 6_5 ,,,,,,,
3, 1_min , 1_min , 1_min , 1_min ,,,,,,,
3, 3_5 . . 8_5 , 3_5 . . 1_5 , 3_5 . . 8_5 , 3_5 4_5 5_5 6_5 ,,,,,,,
3, 1_min , 1_min , 1_min , 1_min ,,,,,,,
3, 11_maj , 1_min , 3_5 , 3_5 ,,,,,,,
3, 3_maj . . 8_maj/5 , 3_maj . . 8_maj/5 , 3_maj 1_maj . 8_maj , 8_maj 1_maj . 8_maj ,,,,,,,
3, 3_maj . . 8_maj/5 , 3_maj . . 8_maj/5 , 3_maj 1_maj . 8_maj , 8_maj 1_maj . 8_maj ,,,,,,,
3, 3_1 4_1 , 5_1 6_1 , 7_1 8_1 , 9_1 0:1 ,,,,,,,
3, 3_maj 4_maj , 5_maj 6_maj , 7_maj 8_maj , 9_maj 0:maj ,,,,,,,
3, 3_maj 4_maj , 5_maj 6_maj , 7_maj 8_maj , 9_maj 0:maj ,,,,,,,
3, 3_maj . . 8_maj , 3_maj . . 8_maj , 3_maj . . 8_maj , 3_maj . 4_5 5_5 ,,,,,,,
3, 6_maj . . 11_maj , 6_maj . . 11_maj , 6_maj . . 11_maj , 6_5 7_5 8_5 9_5 ,,,,,,,
3, 0:maj . . 3_maj , 0:maj . . 3_maj , 0:maj . . 3_maj , 0:maj . 11_5 12_5 ,,,,,,,
3, 1_maj . . 6_maj , 1_maj . . 6_maj , 1_maj . . 6_maj , 1_maj . . 6_maj ,,,,,,,
3, 3_maj . . 8_maj/5 , 3_maj . . 8_maj/5 , 3_maj 1_maj . 8_maj , 8_maj 1_maj . 8_maj ,,,,,,,
3, 3_maj . . 8_maj/5 , 3_maj . . 8_maj/5 , 3_maj 1_maj . 8_maj , 8_maj 1_maj . 8_maj ,,,,,,,
3, 3_maj . . 8_maj/5 , 3_maj . . 8_maj/5 , 3_maj 1_maj . 8_maj , 8_maj 1_maj . 8_maj ,,,,,,,
3, 3_maj . . 8_maj/5 , 3_maj . . 8_maj/5 , 3_maj 1_maj . 8_maj , 8_maj 1_maj . 8_maj ,,,,,,,
3, 1_min , 1_min , 1_min , 1_min ,,,,,,,
3, 1_min , 1_min , 1_min , 6_5 ,,,,,,,
3, 6_5 , &pause ,,,,,,,,,
3, N , &pause ,,,,,,,,,
3, 6_7 , &pause , 6_5 ,,,,,,,,
3,0,,,,,,,,,,
3,0,,,,,,,,,,
3, 5_maj , 5_maj , 12_maj , 12_maj ,,,,,,,
3, 7_maj 3_maj , 5_maj 7_maj , 12_maj , 1_7 ,,,,,,,
3, 1_maj , 1_maj , 1_maj , 1_maj ,,,,,,,
3, 8_maj , 8_maj , 1_maj , 1_maj ,,,,,,,
3, 6_maj , 6_maj , 1_maj , 1_maj ,,,,,,,
3, 8_maj 4_maj , 6_maj 8_maj , 1_maj , 1_maj ,,,,,,,
3, 1_maj , 1_maj , 1_maj , 1_maj ,,,,,,,
3, 8_maj , 8_maj , 1_maj , 1_7 ,,,,,,,
3, 6_maj , 6_maj , 1_maj , 1_maj ,,,,,,,
3, 8_maj 4_maj , 6_maj 8_maj , 1_maj , 1_maj ,,,,,,,
3, 8_maj 4_maj , 6_maj 8_maj , 1_maj , 1_maj ,,,,,,,
3, 8_maj 4_maj , 6_maj 8_maj , 1_maj , 1_maj ,,,,,,,
3, 8_maj 4_maj , 6_maj 8_maj , 1_maj , 1_maj ,,,,,,,
3, 8_maj 4_maj , 6_maj 8_maj , 1_maj , 1_maj ,,,,,,,
3, 8_maj 4_maj , 6_maj 8_maj , 1_maj , 1_maj ,,,,,,,
3,0,,,,,,,,,,
3,0,,,,,,,,,,
3,0,,,,,,,,,,
3,Sukiyaki, 8_maj 6_maj7/9 , 8_maj 6_maj7/9 , 8_maj 6_maj7/9 ,,,,,,,
3, 8_maj 6_maj7/9 , 8_maj 6_maj7/9 , 8_maj 6_maj7/9 , 8_maj 6_maj7/9 ,,,,,,,
3, 1_maj/5 6_maj/9 , 8_maj . 5_sus4 5_maj , 1_maj . 6_maj 3_min , 8_7 ,,,,,,,
3, 1_maj7 0:min , 1_maj . 0:min 8_maj , 1_maj 5_min , 0:min 8_maj ,,,,,,,
3, 1_maj 6_maj7 , 6_maj7 . 5_sus4 5_maj , 1_maj . 6_maj 3_min , 1_maj(9) ,,,,,,,
3, 6_maj7 8_7 , 1_maj 1_7 , 6_min7 11_7 , 5_min 0:min 8_sus4(b7) 8_7 ,,,,,,,
3, 1_maj 0:min , 1_maj . 0:min 8_maj , 1_maj 5_min , 0:min 8_maj ,,,,,,,
3, 1_maj 6_maj7 , 6_maj7 . 5_sus4 5_maj , 1_maj . 6_maj 3_min , 1_maj7 ,,,,,,,
3, 1_maj 0:min , 1_maj . 0:min 8_sus4 , 1_maj 5_min , 0:min 8_maj ,,,,,,,
3, 1_maj 6_maj7 , 6_maj7 . 5_sus4 5_maj , 1_maj . 6_maj 3_min , 1_maj7 ,,,,,,,
3, 1_maj 0:min , 1_maj . 0:min 8_maj , 1_maj 5_min , 0:min 8_maj ,,,,,,,
3, 1_maj 6_maj7 , 6_maj7 . 5_sus4 5_maj , 1_maj . 6_maj 3_min , 0:min 3_maj , 3_min 5_min 6_maj 8_sus4 , &pause ,,,,,
3, 1_maj/5 6_maj7/9 , 1_maj/5 6_maj7/9 , 1_maj/5 6_maj7/9 , 1_maj/5 6_maj7/9 ,,,,,,,
3, 1_maj/5 6_maj7/9 , 1_maj/5 6_maj7/9 , 1_maj/5 6_maj7/9 , 1_maj/5 6_maj7/9 ,,,,,,,
3, 1_maj ,,,,,,,,,,
3,0,,,,,,,,,,
3,0,,,,,,,,,,
3,0,,,,,,,,,,
3,The Humpty Dance , 1_maj ,,,,,,,,,
3, 1_maj , 1_maj ,,,,,,,,,
3, 1_maj , 1_maj ,,,,,,,,,
3, 1_maj , 1_maj ,,,,,,,,,
3, 1_maj , 1_maj ,,,,,,,,,
3, 1_maj , 1_maj ,,,,,,,,,
3, 1_maj , 1_maj ,,,,,,,,,
3, 1_maj , 1_maj ,,,,,,,,,
3, 1_maj ,,,,,,,,,,
3, 1_maj , 1_maj ,,,,,,,,,
3, 1_maj , 1_maj ,,,,,,,,,
3, 1_maj , 1_maj ,,,,,,,,,
3, 1_maj , 1_maj ,,,,,,,,,
3, 1_maj , 1_maj ,,,,,,,,,
3, 1_maj , 1_maj ,,,,,,,,,
3, 1_maj , 1_maj ,,,,,,,,,
3, 1_maj ,,,,,,,,,,
3, 1_maj , 1_maj ,,,,,,,,,
3, 1_maj , 1_maj ,,,,,,,,,
3, 1_maj , 1_maj ,,,,,,,,,
3,0,,,,,,,,,,
3, 1_maj , 1_maj ,,,,,,,,,
3, 1_maj , 1_maj ,,,,,,,,,
3, 1_maj , 1_maj , 1_maj ,,,,,,,,
3, 1_maj ,,,,,,,,,,
3, 1_maj , 1_maj ,,,,,,,,,
3, 1_maj , 1_maj ,,,,,,,,,
3, 1_maj , 1_maj ,,,,,,,,,
3, 1_maj , 1_maj ,,,,,,,,,
3, 1_maj ,,,,,,,,,,
3, 1_maj , 1_maj ,,,,,,,,,
3, 1_maj , 1_maj ,,,,,,,,,
3, 1_maj , (6/4) 1_maj ,,,,,,,,,
3, 1_maj , 1_maj ,,,,,,,,,
3, 1_maj , 1_maj ,,,,,,,,,
3, 1_maj ,,,,,,,,,,
3, 1_maj , 1_maj ,,,,,,,,,
3, 1_maj , 1_maj ,,,,,,,,,
3, 1_maj , 1_maj ,,,,,,,,,
3, 1_maj , 1_maj ,,,,,,,,,
3, 1_maj ,,,,,,,,,,
3, 1_maj , 1_maj ,,,,,,,,,
3, 1_maj , 1_maj ,", fadeout",,,,,,,,
3, 1_maj , 1_maj ,,,,,,,,,
3,0,,,,,,,,,,
3,0,,,,,,,,,,
3,0,,,,,,,,,,
3,The Humpty Dance , 1_maj ,,,,,,,,,
3, 1_maj , 1_maj ,,,,,,,,,
3, 1_maj , 1_maj ,,,,,,,,,
3, 1_maj , 1_maj ,,,,,,,,,
3, 1_maj , 1_maj ,,,,,,,,,
3, 1_maj , 1_maj ,,,,,,,,,
3, 1_maj , 1_maj ,,,,,,,,,
3, 1_maj , 1_maj ,,,,,,,,,
3, 1_maj ,,,,,,,,,,
3, 1_maj , 1_maj ,,,,,,,,,
3, 1_maj , 1_maj ,,,,,,,,,
3, 1_maj , 1_maj ,,,,,,,,,
3, 1_maj , 1_maj ,,,,,,,,,
3, 1_maj , 1_maj ,,,,,,,,,
3, 1_maj , 1_maj ,,,,,,,,,
3, 1_maj , 1_maj ,,,,,,,,,
3, 1_maj ,,,,,,,,,,
3, 1_maj , 1_maj ,,,,,,,,,
3, 1_maj , 1_maj ,,,,,,,,,
3, 1_maj , 1_maj ,,,,,,,,,
3,0,,,,,,,,,,
3, 1_maj , 1_maj ,,,,,,,,,
3, 1_maj , 1_maj ,,,,,,,,,
3, 1_maj , 1_maj , 1_maj ,,,,,,,,
3, 1_maj ,,,,,,,,,,
3, 1_maj , 1_maj ,,,,,,,,,
3, 1_maj , 1_maj ,,,,,,,,,
3, 1_maj , 1_maj ,,,,,,,,,
3, 1_maj , 1_maj ,,,,,,,,,
3, 1_maj ,,,,,,,,,,
3, 1_maj , 1_maj ,,,,,,,,,
3, 1_maj , 1_maj ,,,,,,,,,
3, 1_maj , (6/4) 1_maj ,,,,,,,,,
3, 1_maj , 1_maj ,,,,,,,,,
3, 1_maj , 1_maj ,,,,,,,,,
3, 1_maj ,,,,,,,,,,
3, 1_maj , 1_maj ,,,,,,,,,
3, 1_maj , 1_maj ,,,,,,,,,
3, 1_maj , 1_maj ,,,,,,,,,
3, 1_maj , 1_maj ,,,,,,,,,
3, 1_maj ,,,,,,,,,,
3, 1_maj , 1_maj ,,,,,,,,,
3, 1_maj , 1_maj ,", fadeout",,,,,,,,
3, 1_maj , 1_maj ,,,,,,,,,
3,0,,,,,,,,,,
3,0,,,,,,,,,,
3,0,,,,,,,,,,
3,The Humpty Dance , 1_maj ,,,,,,,,,
3, 1_maj , 1_maj ,,,,,,,,,
3, 1_maj , 1_maj ,,,,,,,,,
3, 1_maj , 1_maj ,,,,,,,,,
3, 1_maj , 1_maj ,,,,,,,,,
3, 1_maj , 1_maj ,,,,,,,,,
3, 1_maj , 1_maj ,,,,,,,,,
3, 1_maj , 1_maj ,,,,,,,,,
3, 1_maj ,,,,,,,,,,
3, 1_maj , 1_maj ,,,,,,,,,
3, 1_maj , 1_maj ,,,,,,,,,
3, 1_maj , 1_maj ,,,,,,,,,
3, 1_maj , 1_maj ,,,,,,,,,
3, 1_maj , 1_maj ,,,,,,,,,
3, 1_maj , 1_maj ,,,,,,,,,
3, 1_maj , 1_maj ,,,,,,,,,
3, 1_maj ,,,,,,,,,,
3, 1_maj , 1_maj ,,,,,,,,,
3, 1_maj , 1_maj ,,,,,,,,,
3, 1_maj , 1_maj ,,,,,,,,,
3,0,,,,,,,,,,
3, 1_maj , 1_maj ,,,,,,,,,
3, 1_maj , 1_maj ,,,,,,,,,
3, 1_maj , 1_maj , 1_maj ,,,,,,,,
3, 1_maj ,,,,,,,,,,
3, 1_maj , 1_maj ,,,,,,,,,
3, 1_maj , 1_maj ,,,,,,,,,
3, 1_maj , 1_maj ,,,,,,,,,
3, 1_maj , 1_maj ,,,,,,,,,
3, 1_maj ,,,,,,,,,,
3, 1_maj , 1_maj ,,,,,,,,,
3, 1_maj , 1_maj ,,,,,,,,,
3, 1_maj , (6/4) 1_maj ,,,,,,,,,
3, 1_maj , 1_maj ,,,,,,,,,
3, 1_maj , 1_maj ,,,,,,,,,
3, 1_maj ,,,,,,,,,,
3, 1_maj , 1_maj ,,,,,,,,,
3, 1_maj , 1_maj ,,,,,,,,,
3, 1_maj , 1_maj ,,,,,,,,,
3, 1_maj , 1_maj ,,,,,,,,,
3, 1_maj ,,,,,,,,,,
3, 1_maj , 1_maj ,,,,,,,,,
3, 1_maj , 1_maj ,", fadeout",,,,,,,,
3, 1_maj , 1_maj ,,,,,,,,,
3,0,,,,,,,,,,
3,0,,,,,,,,,,
3,0,,,,,,,,,,
3,The Millionaire,,,,,,,,,,
3, 1_maj 8_maj , 1_maj 8_maj ,,,,,,,,,
3, 1_maj 8_maj , 1_maj 8_maj ,,,,,,,,,
3, 0:min 5_min , 3_min 8_maj ,,,,,,,,,
3, 1_maj 8_maj , 1_maj 8_maj ,,,,,,,,,
3, 0:min 5_min , 3_min 8_maj , (6/4) 8_maj ,,,,,,,,
3, 1_maj 8_maj , 0:min 5_min ,,,,,,,,,
3, 6_maj , 8_maj ,,,,,,,,,
3, 1_maj 8_maj , 0:min 5_min ,,,,,,,,,
3, 6_maj 1_maj , 6_maj 6_maj/7 3_min 8_maj ,,,,,,,,,
3, 1_maj 8_maj , 1_maj 8_maj ,,,,,,,,,
3, 1_maj 8_maj , 1_maj 8_maj ,,,,,,,,,
3, 0:min 5_min , 3_min 8_maj ,,,,,,,,,
3, 1_maj 8_maj , 1_maj 8_maj ,,,,,,,,,
3, 0:min 5_min , 3_min 8_maj , (2/4) 8_maj ,,,,,,,,
3, 1_maj 8_maj , 0:min 5_min ,,,,,,,,,
3, 6_maj , 8_maj ,,,,,,,,,
3, 1_maj 8_maj , 0:min 5_min ,,,,,,,,,
3, 6_maj 1_maj , 6_maj 6_maj/7 3_min 8_maj ,,,,,,,,,
3, 1_maj 1_maj/b7 , 6_maj 8_maj ,,,,,,,,,
3, 1_maj 1_7 , 5_maj 0:min ,,,,,,,,,
3, 3_min , 6_maj 6_min ,,,,,,,,,
3, 1_maj 1_maj/7 0:min . ,,,,,,,,,,
3, 6_maj 7_dim , 8_maj ,,,,,,,,,
3, 1_maj 8_maj , 0:min 5_min ,,,,,,,,,
3, 6_maj , 8_maj ,,,,,,,,,
3, 1_maj 8_maj , 0:min 5_min ,,,,,,,,,
3, 6_maj 1_maj , 6_maj 6_maj/7 3_min 8_maj ,,,,,,,,,
3, 1_maj 6_maj , 1_maj 8_maj ,,,,,,,,,
3, 1_maj 8_maj , 1_maj 8_maj ,,,,,,,,,
3, 1_maj 8_maj , 1_maj 8_maj ,,,,,,,,,
3, 1_maj 8_maj , 1_maj 8_maj ,,,,,,,,,
3, 1_maj 8_maj , 1_maj 8_maj ,,,,,,,,,
3,0,,,,,,,,,,
3,0,,,,,,,,,,
3,0,,,,,,,,,,
3,The Right Time, 6_7 , 1_7 1_7/3 6_7 7_dim7 , 1_7/5 8_7 ,,,,,,,
3, 1_7 , 1_7 , 1_7 , 1_7 ,,,,,,,
3, 6_7 , 6_7 , 1_7 , 1_7 ,,,,,,,
3, 8_7 , 6_7 , 1_7 , 1_7 ,,,,,,,
3, 1_7 , 1_7 , 1_7 , 1_7 ,,,,,,,
3, 6_7 , 6_7 , 1_7 , 1_7 ,,,,,,,
3, 8_7 , 6_7 , 1_7 , 1_7 ,,,,,,,
3, 1_7 , 1_7 , 1_7 , 1_7 ,,,,,,,
3, 6_7 , 6_7 , 1_7 , 1_7 ,,,,,,,
3, 8_7 , 6_7 , 1_7 , 1_7 ,,,,,,,
3, 1_7 , 1_7 , 1_7 , 1_7 ,,,,,,,
3, 6_7 , 6_7 , 1_7 , 1_7 ,,,,,,,
3, 8_7 , 6_7 , 1_7 , 1_7 ,,,,,,,
3, 1_7 , 1_7 , 1_7 , 1_7 ,,,,,,,
3, 6_7 , 6_7 , 1_7 , 1_7 ,,,,,,,
3, 8_7 , 6_7 , 1_7 , 1_7 ,,,,,,,
3,0,,,,,,,,,,
3,0,,,,,,,,,,
3,0,,,,,,,,,,
3,Think, 1_7(#9) , 1_7(#9) , 1_7(#9) ,,,,,,,
3, 1_7(#9) , 1_7(#9) , 1_7(#9) , 1_7(#9) ,,,,,,,
3, 8_7 , 6_7 , 1_7 , 1_7 8_7/5 . . ,,,,,,,
3, 1_7 , 1_7 , 1_7 , 1_7 ,,,,,,,
3, 1_7 , 1_7 , 1_7 , 1_7 ,,,,,,,
3, 8_7 , 8_7 , 8_7 , 8_7 ,,,,,,,
3, 8_7 , 8_7 , 8_7 , 8_7 ,,,,,,,
3, 1_7(#9) , 1_7(#9) , 1_7(#9) , 1_7(#9) ,,,,,,,
3, 1_7(#9) , 1_7(#9) , 1_7(#9) , 1_7(#9) ,,,,,,,
3, 8_7 , 6_7 , 1_7 , 1_7 8_7/5 . . ,,,,,,,
3, 1_7 , 1_7 , 1_7 , 1_7 ,,,,,,,
3, 1_7 , 1_7 , 1_7 , 1_7 ,,,,,,,
3, 8_7 , 8_7 , 8_7 , 8_7 ,,,,,,,
3, 8_7 , 8_7 , 8_7 , 8_7 ,,,,,,,
3, 1_7(#9) , 1_7(#9) , 1_7(#9) , 1_7(#9) ,,,,,,,
3, 1_7(#9) , 1_7(#9) , 1_7(#9) , 1_7(#9) ,,,,,,,
3, 8_7 , 6_7 , 1_7 , 1_7 8_7/5 . . ,,,,,,,
3, 1_7 , 1_7 , 1_7 , 1_7 ,,,,,,,
3, 1_7 , 1_7 , 1_7 , 1_7 ,,,,,,,
3, 8_7 , 8_7 , 8_7 , 8_7 ,,,,,,,
3, 8_7 , 8_7 , 8_7 , 8_7 ,,,,,,,
3, 1_7(#9) , 1_7(#9) , 1_7(#9) , 1_7(#9) ,,,,,,,
3, 1_7(#9) , 1_7(#9) , 1_7(#9) , 1_7(#9) ,,,,,,,
3, 8_7 , 6_7 , 1_7 , 1_7 8_7/5 . . ,,,,,,,
3, 8_7 , 6_7 , 1_7 , 1_7 8_7/5 . . ,,,,,,,
3, 8_7 , 6_7 , 1_7 , 1_7 8_7/5 . . ,,,,,,,
3, 1_7 ,,,,,,,,,,
3,0,,,,,,,,,,
3,0,,,,,,,,,,
3,0,,,,,,,,,,
3,War, N ,,,,,,,,,
3, 1_min 4_maj , 1_1 . 6_1 4_maj , 1_min 4_maj , 1_1 . 6_1 4_maj ,,,,,,,
3, 1_min 4_maj , 1_1 . 6_1 4_maj , 1_min 4_maj , 1_1 . 6_1 4_maj ,,,,,,,
3, 1_min 4_maj , 1_1 . 6_1 4_maj , 1_min 4_maj , 1_1 . 6_1 4_maj ,,,,,,,
3, 1_min , 1_min , 1_min , 1_min ,,,,,,,
3, 1_min , 1_min , 1_min , 1_min ,,,,,,,
3, 1_min 4_maj , 1_1 . 6_1 4_maj , 1_min 4_maj , 1_1 . 6_1 4_maj ,,,,,,,
3, 1_min 4_maj , 1_1 . 6_1 4_maj , 1_min 4_maj , 1_1 . 6_1 4_maj ,,,,,,,
3, 1_min 4_maj , 1_1 . 6_1 4_maj , 1_min 4_maj , 1_1 . 6_1 4_maj ,,,,,,,
3, 1_min , 1_min , 1_min , 1_min ,,,,,,,
3, 1_min , 1_min , 1_min , 1_min ,,,,,,,
3, 1_min 4_maj , 1_1 . 6_1 4_maj , 1_min 4_maj , 1_1 . 6_1 4_maj ,,,,,,,
3, 1_min 4_maj , 1_1 . 6_1 4_maj , 1_min 4_maj , 1_1 . 6_1 4_maj ,,,,,,,
3, 1_min 4_maj , 1_1 . 6_1 4_maj , 1_min 4_maj , 1_1 . 6_1 4_maj ,,,,,,,
3, 1_min , 1_min , 1_min , 1_min ,,,,,,,
3, 1_min , 1_min , 1_min , 1_min ,,,,,,,
3, 1_min 4_maj , 1_1 . 6_1 4_maj , 1_min 4_maj , 1_1 . 6_1 4_maj ,,,,,,,
3, 1_min 4_maj , 1_1 . 6_1 4_maj , 1_min 4_maj , 1_1 . 6_1 4_maj ,,,,,,,
3, 1_min 4_maj , 1_1 . 6_1 4_maj , 1_min 4_maj , 1_1 . 6_1 4_maj ,,,,,,,
3, 1_min , 1_min , 1_min , 1_min ,,,,,,,
3, 1_min , 1_min , 1_min , 1_min ,,,,,,,
3, 1_min 4_maj , 1_1 . 6_1 4_maj , 1_min 4_maj , 1_1 . 6_1 4_maj ,,,,,,,
3, 1_min 4_maj , 1_1 . 6_1 4_maj , 1_min 4_maj , 1_1 . 6_1 4_maj ,,,,,,,
3, 1_min 4_maj , 1_1 . 6_1 4_maj , 1_min 4_maj ,,,,,,,,
3,0,,,,,,,,,,
3,0,,,,,,,,,,
3,0,,,,,,,,,,
3,Where Are You, 4_dim ," 3_min7 8_sus4(b7,9) ", 1_maj7 ,,,,,,,
3, 3_7 , 5_min7 0:min7 , 3_min7 2_maj7 , 1_maj7 . 3_min7 2_maj7 ,,,,,,,
3, 1_maj7 , 4_dim ," 3_min7 8_sus4(b7,9) ", 1_maj7 ,,,,,,,
3, 3_7 , 5_min7 0:min7 , 3_min7 2_maj7 , 1_maj7 . 8_min7 1_7 ,,,,,,,
3,0,,,,,,,,,,
3,Where Are You, 4_dim ," 3_min7 8_sus4(b7,9) ", 1_maj7 ,,,,,,,
3, 3_7 , 5_min7 0:min7 , 3_min7 2_maj7 , 1_maj7 . 3_min7 2_maj7 ,,,,,,,
3, 1_maj7 , 4_dim ," 3_min7 8_sus4(b7,9) ", 1_maj7 ,,,,,,,
3, 3_7 , 5_min7 0:min7 , 3_min7 2_maj7 , 1_maj7 . 8_min7 1_7 ,,,,,,,
3, 5_min9 , 7_min7 , 8_maj7 , 7_min7 ,,,,,,,
3, 5_min9 , 7_min7 , 1_maj9 , 0:min9 , 0:min9 ,,,,,,
3, 1_min9 , 8_min7 , C9_maj9 , 8_min7 ,,,,,,,
3, 6_min9 ," 8_sus4(b7,9) . 8_maj ", 1_min9 , 1_min9/b7 ,,,,,,,
3, C9_maj9 ," 8_sus4(b7,9) ", 8_maj ,,,,,,,,
3, 1_sus4 , 1_sus4 , 1_maj , 1_maj , 1_maj ,,,,,,
3, 1_maj , 1_maj , 1_maj ,,,,,,,,
3,0,,,,,,,,,,
3,0,,,,,,,,,,
3,0,,,,,,,,,,
3,Woman To Woman, 0:min , 1_maj7 , 0:min ,,,,,,,
3, 1_maj7 , 0:min , 1_maj7 , 0:min ,,,,,,,
3, 1_maj7 , 0:min , 1_maj7 , 0:min ,,,,,,,
3, 1_maj7 , 0:min , 1_maj7 , 0:min ,,,,,,,
3, 1_maj7 , 0:min , 1_maj7 , 0:min ,,,,,,,
3, 1_maj7 , 0:min ," 8_sus4(b7,9) "," 8_sus4(b7,9) ",,,,,,,
3, 1_maj7 , 6_maj7 , 1_maj7 , 0:min 8_min 6_maj . ,,,,,,,
3, 1_maj7 , 6_maj7 , 1_maj7 ," 8_sus4(b7,9) "," 8_sus4(b7,9) ",,,,,,
3, 1_maj7 , 6_maj7 , 1_maj7 , 6_maj7 ,,,,,,,
3, 1_maj7 , 6_maj7 , 1_maj7 ," 8_sus4(b7,9) "," 8_sus4(b7,9) ",,,,,,
3, 1_maj7 , 6_maj7 , 1_maj7 , 0:min 8_min 6_maj . ,,,,,,,
3, 1_maj7 , 6_maj7 , 1_maj7 ," 8_sus4(b7,9) "," 8_sus4(b7,9) ",,,,,,
3, 1_maj7 , 6_maj7 , 1_maj7 , 0:min 8_min 6_maj . ,,,,,,,
3, 1_maj7 , 6_maj7 , 1_maj7 , 0:min 8_min 6_maj . ,,,,,,,
3, 1_maj7 , 6_maj7 ,,,,,,,,,
3,0,,,,,,,,,,
3,0,,,,,,,,,,
3,0,,,,,,,,,,
3,World In My Eyes, 1_min7 , 1_min7 , 1_min7 ,,,,,,,
3, 1_min7 , 1_min7 , 1_min7 , 1_min7 ,,,,,,,
3, 1_min7 , 1_min7 , 1_min7 , 1_min7 ,,,,,,,
3, 1_min7 , 1_min7 , 1_min7 , 1_min7 ,,,,,,,
3, 1_min7 , 1_min7 , 6_min7 , 6_min7 ,,,,,,,
3, 1_min7 , 1_min7 , 1_min7(b13) , 1_min7(b13) ,,,,,,,
3, 1_min7 , 1_min7 , 1_min7 , 1_min7 ,,,,,,,
3, 1_min7 , 1_min7 , 1_min7 , 1_min7 ,,,,,,,
3, 1_min7 , 1_min7 , 1_min7 , 1_min7 ,,,,,,,
3, 1_min7 , 1_min7 , 1_min7 , 1_min7 ,,,,,,,
3, 1_min7 , 1_min7 , 6_min7 , 6_min7 ,,,,,,,
3, 1_min7 , 1_min7 , 1_min7(b13) , 1_min7(b13) ,,,,,,,
3, 0:min , C9_maj , 6_min , 8_maj ,,,,,,,
3, 1_min , 6_min , 8_maj , ->,,,,,,,
3, 1_min7 , 1_min7 , 1_min7 , 1_min7 ,,,,,,,
3, 1_min7 , 1_min7 , 1_min7 , 1_min7 ,,,,,,,
3, 1_min7 , 1_min7 , 1_min7 , 1_min7 ,,,,,,,
3, 1_min7 , 1_min7 , 1_min7 , 1_min7 ,,,,,,,
3, 1_min7 , 1_min7 , 6_7 , 6_7 ,,,,,,,
3, 1_min7 , 1_min7 , 1_min7(b13) , 1_min7(b13) ,,,,,,,
3, 0:min , C9_maj , 6_min , 8_maj ,,,,,,,
3, 1_min , 6_min , 8_maj , ->,,,,,,,
3, 1_min7 , 1_min7 , 6_maj , 6_min ,,,,,,,
3, 1_min7 , 1_min7 , 6_maj , 6_min ,,,,,,,
3, 1_min7 , 1_min7 , 6_maj , 6_min ,,,,,,,
3, 1_min7 , 1_min7 , 6_maj , 6_min ,,,,,,,
3, 1_min7 , 1_min7 , 6_maj , 6_min ,,,,,,,
3, 1_min7 , 1_min7 , 6_maj , 6_min ,,,,,,,
3, 1_min7 , 1_min7 , 6_maj , 6_min ,,,,,,,
3, 1_min7 , 1_min7 , 6_maj , 6_min ,,,,,,,
3, 1_min7 , 1_min7 , 6_maj , 6_min ,,,,,,,
3,0,,,,,,,,,,
3,0,,,,,,,,,,
3,0,,,,,,,,,,
3,World In My Eyes, 1_min7 , 1_min7 , 1_min7 ,,,,,,,
3, 1_min7 , 1_min7 , 1_min7 , 1_min7 ,,,,,,,
3, 1_min7 , 1_min7 , 1_min7 , 1_min7 ,,,,,,,
3, 1_min7 , 1_min7 , 1_min7 , 1_min7 ,,,,,,,
3, 1_min7 , 1_min7 , 6_min7 , 6_min7 ,,,,,,,
3, 1_min7 , 1_min7 , 1_min7(b13) , 1_min7(b13) ,,,,,,,
3, 1_min7 , 1_min7 , 1_min7 , 1_min7 ,,,,,,,
3, 1_min7 , 1_min7 , 1_min7 , 1_min7 ,,,,,,,
3, 1_min7 , 1_min7 , 1_min7 , 1_min7 ,,,,,,,
3, 1_min7 , 1_min7 , 1_min7 , 1_min7 ,,,,,,,
3, 1_min7 , 1_min7 , 6_min7 , 6_min7 ,,,,,,,
3, 1_min7 , 1_min7 , 1_min7(b13) , 1_min7(b13) ,,,,,,,
3, 0:min , C9_maj , 6_min , 8_maj ,,,,,,,
3, 1_min , 6_min , 8_maj , ->,,,,,,,
3, 1_min7 , 1_min7 , 1_min7 , 1_min7 ,,,,,,,
3, 1_min7 , 1_min7 , 1_min7 , 1_min7 ,,,,,,,
3, 1_min7 , 1_min7 , 1_min7 , 1_min7 ,,,,,,,
3, 1_min7 , 1_min7 , 1_min7 , 1_min7 ,,,,,,,
3, 1_min7 , 1_min7 , 6_7 , 6_7 ,,,,,,,
3, 1_min7 , 1_min7 , 1_min7(b13) , 1_min7(b13) ,,,,,,,
3, 0:min , C9_maj , 6_min , 8_maj ,,,,,,,
3, 1_min , 6_min , 8_maj , ->,,,,,,,
3, 1_min7 , 1_min7 , 6_maj , 6_min ,,,,,,,
3, 1_min7 , 1_min7 , 6_maj , 6_min ,,,,,,,
3, 1_min7 , 1_min7 , 6_maj , 6_min ,,,,,,,
3, 1_min7 , 1_min7 , 6_maj , 6_min ,,,,,,,
3, 1_min7 , 1_min7 , 6_maj , 6_min ,,,,,,,
3, 1_min7 , 1_min7 , 6_maj , 6_min ,,,,,,,
3, 1_min7 , 1_min7 , 6_maj , 6_min ,,,,,,,
3, 1_min7 , 1_min7 , 6_maj , 6_min ,,,,,,,
3, 1_min7 , 1_min7 , 6_maj , 6_min ,,,,,,,
3,0,,,,,,,,,,
3,0,,,,,,,,,,
3,0,,,,,,,,,,
3,Young Hearts Run Free,,,,,,,,,,
3, 8_sus4(9)/7 , 8_sus4(9)/7 , 8_sus4(9)/7 , 8_sus4(9)/7 ,,,,,,,
3, 1_maj 6_maj/5 , 1_maj7 6_maj/5 , 1_maj 6_maj/5 , 1_maj7 6_maj/5 ,,,,,,,
3, 6_maj 6_maj6 , 6_maj7 6_maj6 , 1_maj/5 0:min7 , 1_maj/5 0:min7 ,,,,,,,
3, 1_maj 6_maj/5 , 1_maj7 6_maj/5 , 1_maj 6_maj/5 , 1_maj7 6_maj/5 ,,,,,,,
3, 6_maj 6_maj6 , 6_maj7 6_maj6 , 1_maj/5 0:min7 , 1_maj/5 0:min7 ,,,,,,,
3, 8_sus4(9) , 8_sus4(9) , 8_sus4(9) , 8_sus4(9) , 8_sus4(9) ,,,,,,
3, 6_maj 3_min7 , 6_maj 3_min7 , 6_maj 3_min7 , 6_maj 3_min7 ,,,,,,,
3, 6_maj7 1_maj , 1_maj/5 0:min7 . . , 6_maj7 1_maj , 1_maj ,,,,,,,
3, 6_maj 3_min7 , 6_maj 3_min7 , 6_maj 3_min7 , 6_maj 3_min7 ,,,,,,,
3, 6_maj7 1_maj , 1_maj/5 0:min7 . . , 6_maj7 1_maj , 1_maj/5 0:min7 . . ,,,,,,,
3, 1_maj 6_maj/5 , 1_maj7 6_maj/5 , 1_maj 6_maj/5 , 1_maj7 6_maj/5 ,,,,,,,
3, 6_maj 6_maj6 , 6_maj7 6_maj6 , 1_maj/5 0:min7 , 1_maj/5 0:min7 ,,,,,,,
3, 1_maj 6_maj/5 , 1_maj7 6_maj/5 , 1_maj 6_maj/5 , 1_maj7 6_maj/5 ,,,,,,,
3, 6_maj 6_maj6 , 6_maj7 6_maj6 , 1_maj/5 0:min7 , 1_maj/5 0:min7 ,,,,,,,
3, 8_sus4(9) , 8_sus4(9) , 8_sus4(9) , 8_sus4(9) , 8_sus4(9) ,,,,,,
3, 6_maj 3_min7 , 6_maj 3_min7 , 6_maj 3_min7 , 6_maj ,,,,,,,
3, 6_maj7 1_maj , 1_maj/5 0:min7 . . , 6_maj7 1_maj , 1_maj ,,,,,,,
3, 6_maj 3_min7 , 6_maj 3_min7 , 6_maj 3_min7 , 6_maj ,,,,,,,
3, 6_maj7 1_maj , 1_maj/5 0:min7 . . , 6_maj7 1_maj , 1_maj/5 0:min7 . . ,,,,,,,
3, 8_sus4(9) , 8_sus4(9) , 8_sus4(9) , 8_sus4(9) ,,,,,,,
3, 6_maj 3_min7 , 6_maj 3_min7 , 6_maj 3_min7 , 6_maj ,,,,,,,
3, 6_maj7 1_maj , 1_maj/5 0:min7 . . , 6_maj7 1_maj , 1_maj ,,,,,,,
3, 6_maj 3_min7 , 6_maj 3_min7 , 6_maj 3_min7 , 6_maj ,,,,,,,
3, 6_maj7 1_maj , 1_maj/5 0:min7 . . , 6_maj7 1_maj , 1_maj/5 0:min7 . . ,,,,,,,
3, 6_maj 3_min7 , 6_maj 3_min7 , 6_maj 3_min7 , 6_maj ,,,,,,,
3, 6_maj7 1_maj , 1_maj/5 0:min7 . . , 6_maj7 1_maj , 1_maj ,,,,,,,
3,0,,,,,,,,,,
3,0,,,,,,,,,,
3,0,,,,,,,,,,
3,Young Hearts Run Free,,,,,,,,,,
3, 8_sus4(9)/7 , 8_sus4(9)/7 , 8_sus4(9)/7 , 8_sus4(9)/7 ,,,,,,,
3, 1_maj 6_maj/5 , 1_maj7 6_maj/5 , 1_maj 6_maj/5 , 1_maj7 6_maj/5 ,,,,,,,
3, 6_maj 6_maj6 , 6_maj7 6_maj6 , 1_maj/5 0:min7 , 1_maj/5 0:min7 ,,,,,,,
3, 1_maj 6_maj/5 , 1_maj7 6_maj/5 , 1_maj 6_maj/5 , 1_maj7 6_maj/5 ,,,,,,,
3, 6_maj 6_maj6 , 6_maj7 6_maj6 , 1_maj/5 0:min7 , 1_maj/5 0:min7 ,,,,,,,
3, 8_sus4(9) , 8_sus4(9) , 8_sus4(9) , 8_sus4(9) , 8_sus4(9) ,,,,,,
3, 6_maj 3_min7 , 6_maj 3_min7 , 6_maj 3_min7 , 6_maj 3_min7 ,,,,,,,
3, 6_maj7 1_maj , 1_maj/5 0:min7 . . , 6_maj7 1_maj , 1_maj ,,,,,,,
3, 6_maj 3_min7 , 6_maj 3_min7 , 6_maj 3_min7 , 6_maj 3_min7 ,,,,,,,
3, 6_maj7 1_maj , 1_maj/5 0:min7 . . , 6_maj7 1_maj , 1_maj/5 0:min7 . . ,,,,,,,
3, 1_maj 6_maj/5 , 1_maj7 6_maj/5 , 1_maj 6_maj/5 , 1_maj7 6_maj/5 ,,,,,,,
3, 6_maj 6_maj6 , 6_maj7 6_maj6 , 1_maj/5 0:min7 , 1_maj/5 0:min7 ,,,,,,,
3, 1_maj 6_maj/5 , 1_maj7 6_maj/5 , 1_maj 6_maj/5 , 1_maj7 6_maj/5 ,,,,,,,
3, 6_maj 6_maj6 , 6_maj7 6_maj6 , 1_maj/5 0:min7 , 1_maj/5 0:min7 ,,,,,,,
3, 8_sus4(9) , 8_sus4(9) , 8_sus4(9) , 8_sus4(9) , 8_sus4(9) ,,,,,,
3, 6_maj 3_min7 , 6_maj 3_min7 , 6_maj 3_min7 , 6_maj ,,,,,,,
3, 6_maj7 1_maj , 1_maj/5 0:min7 . . , 6_maj7 1_maj , 1_maj ,,,,,,,
3, 6_maj 3_min7 , 6_maj 3_min7 , 6_maj 3_min7 , 6_maj ,,,,,,,
3, 6_maj7 1_maj , 1_maj/5 0:min7 . . , 6_maj7 1_maj , 1_maj/5 0:min7 . . ,,,,,,,
3, 8_sus4(9) , 8_sus4(9) , 8_sus4(9) , 8_sus4(9) ,,,,,,,
3, 6_maj 3_min7 , 6_maj 3_min7 , 6_maj 3_min7 , 6_maj ,,,,,,,
3, 6_maj7 1_maj , 1_maj/5 0:min7 . . , 6_maj7 1_maj , 1_maj ,,,,,,,
3, 6_maj 3_min7 , 6_maj 3_min7 , 6_maj 3_min7 , 6_maj ,,,,,,,
3, 6_maj7 1_maj , 1_maj/5 0:min7 . . , 6_maj7 1_maj , 1_maj/5 0:min7 . . ,,,,,,,
3, 6_maj 3_min7 , 6_maj 3_min7 , 6_maj 3_min7 , 6_maj ,,,,,,,
3, 6_maj7 1_maj , 1_maj/5 0:min7 . . , 6_maj7 1_maj , 1_maj ,,,,,,,
3,0,,,,,,,,,,
3,0,,,,,,,,,,