He's A Rebel,,,,,,,,,,
 1_maj , 1_maj , 1_maj , 1_maj ,,,,,,,
 1_maj , 1_maj , 1_maj , 1_maj ,,,,,,,
 10_min , 6_maj , 0:maj , 0:maj ,,,,,,,
He's A Rebel,,,,,,,,,,
 1_maj , 1_maj , 1_maj , 1_maj ,,,,,,,
 1_maj , 1_maj , 1_maj , 1_maj ,,,,,,,
 10_min , 6_maj , 0:maj , 0:maj ,,,,,,,
These Boots Are Made For Walkin',,,,,,,,,,
 1_maj , 1_maj ,,,,,,,,,
 1_maj , 1_maj ,,,,,,,,,
 1_maj , 1_maj ,,,,,,,,,
 1_maj , 1_maj ,,,,,,,,,
 6_maj , 6_maj ,,,,,,,,,
 1_maj , 1_maj ,,,,,,,,,
 4_maj 1_maj , 4_maj 1_maj ,,,,,,,,,
 4_maj 1_maj , (2/4) N ,,,,,,,,,
 1_maj , 1_maj ,,,,,,,,,
 1_maj , 1_maj ,,,,,,,,,
 1_maj , 1_maj ,,,,,,,,,
 1_maj , 1_maj ,,,,,,,,,
 6_maj , 6_maj ,,,,,,,,,
 1_maj , 1_maj ,,,,,,,,,
 4_maj 1_maj , 4_maj 1_maj ,,,,,,,,,
 4_maj 1_maj , (2/4) N ,,,,,,,,,
 1_maj , 1_maj ,,,,,,,,,
 1_maj , 1_maj ,,,,,,,,,
 1_maj , 1_maj ,,,,,,,,,
 1_maj , 1_maj ,,,,,,,,,
 6_maj , 6_maj ,,,,,,,,,
 1_maj , 1_maj ,,,,,,,,,
 4_maj 1_maj , 4_maj 1_maj ,,,,,,,,,
 4_maj 1_maj , (2/4) N ,,,,,,,,,
 1_maj , 1_maj ,,,,,,,,,
 1_maj , 1_maj ,,,,,,,,,
 1_maj , 1_maj ,,,,,,,,,
 1_maj , 1_maj ,,,,,,,,,
 1_maj , 1_maj ,,,,,,,,,
0,,,,,,,,,,
0,,,,,,,,,,
People Got To Be Free,,,,,,,,,,
 6_maj 1_maj , 0:maj 1_maj , 6_maj 1_maj , 0:maj 1_maj ,,,,,,,
 6_maj 1_maj , 0:maj 1_maj , 6_maj 1_maj , (2/4) 0:maj ,,,,,,,
 (4/4) 1_maj , 0:maj , 1_maj , 0:maj ,,,,,,,
 1_maj , 0:maj , 10_min , 5_min ,,,,,,,
 6_maj , 1_maj , N , N ,,,,,,,
 1_maj , 0:maj , 10_min , 5_min ,,,,,,,
 6_maj , 1_maj , N , N ,,,,,,,
 6_maj 1_maj , 0:maj 1_maj , 6_maj 1_maj , 0:maj 1_maj ,,,,,,,
 6_maj 1_maj , 0:maj 1_maj , 6_maj 1_maj , (2/4) 0:maj ,,,,,,,
 (4/4) 1_maj , 0:maj , 1_maj , 0:maj ,,,,,,,
 1_maj , 0:maj , 10_min , 5_min ,,,,,,,
 6_maj , 1_maj , N , N ,,,,,,,
 1_maj , 0:maj , 10_min , 5_min ,,,,,,,
 6_maj , 1_maj , N , N ,,,,,,,
 6_maj 1_maj , 0:maj 1_maj , 6_maj 1_maj , 0:maj 1_maj ,,,,,,,
 6_maj 1_maj , 0:maj 1_maj , 6_maj 1_maj , (2/4) 0:maj ,,,,,,,
 (4/4) 1_maj , 0:maj , 1_maj , 0:maj ,,,,,,,
 1_maj , 4_maj , 9_maj , 0:maj ,,,,,,,
 6_maj 1_maj , 0:maj 1_maj , 6_maj 1_maj , 0:maj 1_maj ,,,,,,,
 6_maj 1_maj , 0:maj 1_maj , 6_maj 1_maj , (2/4) 0:maj ,,,,,,,
 (4/4) 1_maj , 0:maj , 1_maj , 0:maj ,,,,,,,
 1_maj , 0:maj , 1_maj , 0:maj ,,,,,,,
 1_maj , 0:maj , 1_maj , 0:maj ,,,,,,,
 1_maj , 0:maj , 1_maj , 0:maj , 1_maj , 0:maj ,,,,,
0,,,,,,,,,,
0,,,,,,,,,,
After The Love Has Gone,,,,,,,,,,
0,,,,,,,,,,
 1_maj/5 5_min7 , 6_maj(9) 0:sus4(b7) ,,,,,,,,,
 1_maj . 3_min7 1_maj/3 , 6_maj7 . 3_min7 0:sus4(b7) ,,,,,,,,,
 1_maj(9) 6_min , 1_maj(9) 6_min6 ,,,,,,,,,
 1_maj(9) . . 7_7(#11) , 6_min7(11) 4_maj7/3 ,,,,,,,,,
 1_maj(9) 6_min6 , 1_maj(9) 6_min6 ,,,,,,,,,
 1_maj(9) 7_7(#11) 6_min7(11) . , 9_maj9 , 1_maj/5 ,,,,,,,,
 1_maj(9) 6_min6 , 1_maj(9) 6_min6 ,,,,,,,,,
 1_maj(9) 7_7(#11) 6_min7(11) . , 9_maj9 , 1_maj/5 ,,,,,,,,
 1_maj(9) 1_aug(9) , 1_maj(9) 5_min7 ,,,,,,,,,
 10_min 6_maj7 , 11_maj7 . 6_maj/9 0:7 ,,,,,,,,,
 1_maj(9) 1_aug(9) , 1_maj(9) 5_min7 ,,,,,,,,,
 10_min9 6_sus2 , 11_maj9 . 0:sus4(b7) 7_aug ,,,,,,,,,
 6_maj9 . 5_min7 10_min7 ," 3_min9 . 1_maj9 7_sus4(b7,9) ",,,,,,,,,
 12_maj9 . 4_min7/5 4_min7 , (2/4) 9_min9 , 7_maj9 ,,,,,,,,
 0:min9 1_min9 , 6_min9 4_maj6/5 ,,,,,,,,,
 4_min9 2_maj/5 , 2_maj9 . 4_min7 6_min7 ,,,,,,,,,
 0:min9 1_min9 , 6_min9 4_maj6/5 ,,,,,,,,,
 4_min9 2_maj/5 , 2_maj9 . 4_min7 6_min7 ,,,,,,,,,
 (3/4) 7_maj7 9_min7 11_min7 ,,,,,,,,,,
 1_min9 6_min9 , 11_min9 9_maj6/5 ,,,,,,,,,
 9_min9 7_maj/bb13 , 7_maj9 . 9_min7 11_min7 ,,,,,,,,,
 1_min9 6_min9 , 11_min9 9_maj6/5 ,,,,,,,,,
 9_min9 7_maj/bb13 , 7_maj9 . 9_min7 11_min7 ,,,,,,,,,
 1_min9 6_min9 , 11_min9 9_maj6/5 ,,,,,,,,,
 9_min9 7_maj/bb13 , 7_maj9 . 9_min7 11_min7 ,,,,,,,,,
 1_min9 6_min9 , 11_min9 9_maj6/5 ,,,,,,,,,
 9_min9 7_maj/bb13 , 7_maj9 . 9_min7 11_min7 ,,,,,,,,,
 1_min9 . . 6_min9 , 11_min9 . . 9_maj6/5 ,,,,,,,,,
 9_min9 7_maj/bb13 , 7_maj9 . 9_min7 11_min7 ,,,,,,,,,
 1_min9 . . 6_min9 , 11_min9 . . 9_maj6/5 ,,,,,,,,,
 9_min9 7_maj/bb13 , 7_maj9 . 9_min7 11_min7 ,,,,,,,,,
 1_min9 6_min9 , 11_min9 9_maj6/5 ,,,,,,,,,
 9_min9 7_maj/bb13 , 7_maj9 . 9_min7 11_min7 ,,,,,,,,,
 1_min9 6_min9 , 11_min9 9_maj6/5 ,,,,,,,,,
 9_min9 7_maj/bb13 , (2/4) 7_maj9 , 9_min7 ,,,,,,,,
 11_min7 ,,,,,,,,,,
 1_min9 ,,,,,,,,,,
0,,,,,,,,,,
0,,,,,,,,,,
After The Love Has Gone,,,,,,,,,,
0,,,,,,,,,,
 1_maj/5 5_min7 , 6_maj(9) 0:sus4(b7) ,,,,,,,,,
 1_maj . 3_min7 1_maj/3 , 6_maj7 . 3_min7 0:sus4(b7) ,,,,,,,,,
 1_maj(9) 6_min , 1_maj(9) 6_min6 ,,,,,,,,,
 1_maj(9) . . 7_7(#11) , 6_min7(11) 4_maj7/3 ,,,,,,,,,
 1_maj(9) 6_min6 , 1_maj(9) 6_min6 ,,,,,,,,,
 1_maj(9) 7_7(#11) 6_min7(11) . , 9_maj9 , 1_maj/5 ,,,,,,,,
 1_maj(9) 6_min6 , 1_maj(9) 6_min6 ,,,,,,,,,
 1_maj(9) 7_7(#11) 6_min7(11) . , 9_maj9 , 1_maj/5 ,,,,,,,,
 1_maj(9) 1_aug(9) , 1_maj(9) 5_min7 ,,,,,,,,,
 10_min 6_maj7 , 11_maj7 . 6_maj/9 0:7 ,,,,,,,,,
 1_maj(9) 1_aug(9) , 1_maj(9) 5_min7 ,,,,,,,,,
 10_min9 6_sus2 , 11_maj9 . 0:sus4(b7) 7_aug ,,,,,,,,,
 6_maj9 . 5_min7 10_min7 ," 3_min9 . 1_maj9 7_sus4(b7,9) ",,,,,,,,,
 12_maj9 . 4_min7/5 4_min7 , (2/4) 9_min9 , 7_maj9 ,,,,,,,,
 0:min9 1_min9 , 6_min9 4_maj6/5 ,,,,,,,,,
 4_min9 2_maj/5 , 2_maj9 . 4_min7 6_min7 ,,,,,,,,,
 0:min9 1_min9 , 6_min9 4_maj6/5 ,,,,,,,,,
 4_min9 2_maj/5 , 2_maj9 . 4_min7 6_min7 ,,,,,,,,,
 (3/4) 7_maj7 9_min7 11_min7 ,,,,,,,,,,
 1_min9 6_min9 , 11_min9 9_maj6/5 ,,,,,,,,,
 9_min9 7_maj/bb13 , 7_maj9 . 9_min7 11_min7 ,,,,,,,,,
 1_min9 6_min9 , 11_min9 9_maj6/5 ,,,,,,,,,
 9_min9 7_maj/bb13 , 7_maj9 . 9_min7 11_min7 ,,,,,,,,,
 1_min9 6_min9 , 11_min9 9_maj6/5 ,,,,,,,,,
 9_min9 7_maj/bb13 , 7_maj9 . 9_min7 11_min7 ,,,,,,,,,
 1_min9 6_min9 , 11_min9 9_maj6/5 ,,,,,,,,,
 9_min9 7_maj/bb13 , 7_maj9 . 9_min7 11_min7 ,,,,,,,,,
 1_min9 . . 6_min9 , 11_min9 . . 9_maj6/5 ,,,,,,,,,
 9_min9 7_maj/bb13 , 7_maj9 . 9_min7 11_min7 ,,,,,,,,,
 1_min9 . . 6_min9 , 11_min9 . . 9_maj6/5 ,,,,,,,,,
 9_min9 7_maj/bb13 , 7_maj9 . 9_min7 11_min7 ,,,,,,,,,
 1_min9 6_min9 , 11_min9 9_maj6/5 ,,,,,,,,,
 9_min9 7_maj/bb13 , 7_maj9 . 9_min7 11_min7 ,,,,,,,,,
 1_min9 6_min9 , 11_min9 9_maj6/5 ,,,,,,,,,
 9_min9 7_maj/bb13 , (2/4) 7_maj9 , 9_min7 ,,,,,,,,
 11_min7 ,,,,,,,,,,
 1_min9 ,,,,,,,,,,
0,,,,,,,,,,
0,,,,,,,,,,
All Alone Am I,,,,,,,,,,
 N ,,,,,,,,,,
 6_maj7 , 3_min7 , 0:maj , 1_maj , 3_min , 12_dim/b5 , 5_7 , A:7 ,,,
 6_maj7 , 3_min7 , 0:maj , 1_maj , 3_min , 0:maj , 1_maj , F:maj ,,,
 1_maj , 1_maj , 1_maj , 1_maj ,,,,,,,
 1_maj , 1_maj , 0:maj , 0:maj ,,,,,,,
 10_min , 10_min , 10_min , 10_min ,,,,,,,
 10_min , 10_min , 5_7 , 5_7 ,,,,,,,
 6_maj7 , 3_min7 , 0:maj , 1_maj , 3_min , 12_dim/b5 , 5_7 , A:7 ,,,
 6_maj7 , 3_min7 , 0:maj , 1_maj , 3_min , 0:maj , 1_maj , F:maj ,,,
 1_maj , 1_aug , 1_maj6 , 1_maj6 ,,,,,,,
 1_maj , 1_maj6 , 3_min , 0:maj ,,,,,,,
 10_min , 10_minmaj7 , 10_min7 , 10_min 10_min7 ,,,,,,,
 3_7 , 3_7 , 0:7 , 0:7 ,,,,,,,
 6_maj7 , 3_min7 , 0:maj , 1_maj , 3_min , 12_dim/b5 , 5_7 , A:7 ,,,
 6_maj7 , 3_min7 , 0:maj , 1_maj , 3_min , 0:maj , &pause ,,,,
 1_maj , 6_maj , 5_min 6_maj , 0:maj 0:7 ,,,,,,,
 1_maj ,,,,,,,,,,
0,,,,,,,,,,
0,,,,,,,,,,
Baby Workout,,,,,,,,,,
 1_1(b3) ,,,,,,,,,,
 1_7 , 1_7 , 1_7 , 1_7 ,,,,,,,
 6_7 , 6_7 , 1_7 , 1_7 ,,,,,,,
 0:7 , 6_7 , 0:7 , 6_7 , 1_7 , 1_7 ,,,,,
 1_7 , 1_7 , 1_7 , 1_7 ,,,,,,,
 6_7 , 6_7 , 1_7 , 1_7 ,,,,,,,
 0:7 , 6_7 , 0:7 , 6_7 , 1_7 , 1_7 ,,,,,
 1_7 , 1_7 , 1_7 , 1_7 ,,,,,,,
 6_7 , 6_7 , 1_7 , 1_7 ,,,,,,,
 0:7 , 6_7 , 1_7 , 1_7 ,,,,,,,
 1_7 , 1_7 , 1_7 , 1_7 ,,,,,,,
 6_7 , 6_7 , 1_7 , 1_7 ,,,,,,,
 0:7 , 6_7 , 0:7 , 6_7 , 1_7 , 1_7 ,,,,,
 1_7 , 1_7 , 1_7 , 1_7 ,,,,,,,
 6_7 , 6_7 , 1_7 , 1_7 ,,,,,,,
 0:7 , 6_7 , 1_7 , 1_7 ,,,,,,,
 1_7 , 1_7 , 1_7 , 1_7 ,,,,,,,
 6_7 , 6_7 , 1_7 , 1_7 ,,,,,,,
 0:7 , 6_7 , 1_7 , 1_7 ,,,,,,,
 1_7 , 1_7 , 1_7 , 1_7 ,,,,,,,
 6_7 , 6_7 , 1_7 , 1_7 ,,,,,,,
 0:7 , 6_7 , 1_7 , 1_7 ,,,,,,,
 1_7 , 1_7 , 1_7 , 1_7 ,,,,,,,
 6_7 , 6_7 , 1_7 , 1_7 ,,,,,,,
 0:7 , 6_7 , 1_7 , 1_7 ,,,,,,,
 1_7 , 1_7 , 1_7 , 1_7 ,,,,,,,
 6_7 , 6_7 , 1_7 , 1_7 ,,,,,,,
 0:7 , 6_7 , 1_7 , 1_7 ,,,,,,,
 N , N , 1_7 ,,,,,,,,
0,,,,,,,,,,
0,,,,,,,,,,
"Baby, Baby Don't Cry",,,,,,,,,,
 1_1 , 1_1 ,,,,,,,,,
 1_maj(9) , 3_min7 , 1_maj(9) , 3_min7 ,,,,,,,
 1_maj(9) , 3_min7 , 1_maj(9) , 3_min ,,,,,,,
 1_maj , 3_min , 1_maj , 3_min ,,,,,,,
 1_maj , 3_min , 1_maj , 3_min ,,,,,,,
 1_maj , 3_min 6_maj ,,,,,,,,,
 1_maj , 11_maj , 6_maj 6_maj6 , 6_7 6_maj6 ,,,,,,,
 1_maj , 11_maj , 6_maj 6_maj6 , 6_7 0:maj ,,,,,,,
 1_maj , 3_min7 , 1_maj , 5_min7 6_maj7 ,,,,,,,
 6_maj 10_min7 , 5_min7 . . 6_maj7 , 6_maj 10_min7 , 5_min7 . . 6_maj7 , 6_maj7 ,,,,,,
 1_maj7 , 3_min , 1_maj7 , 3_min ,,,,,,,
 1_maj7 , 3_min , 1_maj7 , 3_min 0:sus4(9) ,,,,,,,
 1_maj7 , 3_min 6_maj ,,,,,,,,,
 1_maj , 11_maj , 6_maj 6_maj6 , 6_7 6_maj6 ,,,,,,,
 1_maj , 11_maj , 6_maj 6_maj6 , 6_7 0:maj ,,,,,,,
 1_maj , 3_min7 , 1_maj , 5_min7 6_maj7 ,,,,,,,
 6_maj 10_min7 , 5_min7 . . 6_maj7 , 6_maj 10_min7 , 5_min7 . . 6_maj7 , 6_maj7/3 ,,,,,,
 10_min6 , 10_min7 , 10_min6 , 10_min(b13) ,,,,,,,
"Baby, Baby Don't Cry",,,,,,,,,,
 1_1 , 1_1 ,,,,,,,,,
 1_maj(9) , 3_min7 , 1_maj(9) , 3_min7 ,,,,,,,
 1_maj(9) , 3_min7 , 1_maj(9) , 3_min ,,,,,,,
 1_maj , 3_min , 1_maj , 3_min ,,,,,,,
 1_maj , 3_min , 1_maj , 3_min ,,,,,,,
 1_maj , 3_min 6_maj ,,,,,,,,,
 1_maj , 11_maj , 6_maj 6_maj6 , 6_7 6_maj6 ,,,,,,,
 1_maj , 11_maj , 6_maj 6_maj6 , 6_7 0:maj ,,,,,,,
 1_maj , 3_min7 , 1_maj , 5_min7 6_maj7 ,,,,,,,
 6_maj 10_min7 , 5_min7 . . 6_maj7 , 6_maj 10_min7 , 5_min7 . . 6_maj7 , 6_maj7 ,,,,,,
 1_maj7 , 3_min , 1_maj7 , 3_min ,,,,,,,
 1_maj7 , 3_min , 1_maj7 , 3_min 0:sus4(9) ,,,,,,,
 1_maj7 , 3_min 6_maj ,,,,,,,,,
 1_maj , 11_maj , 6_maj 6_maj6 , 6_7 6_maj6 ,,,,,,,
 1_maj , 11_maj , 6_maj 6_maj6 , 6_7 0:maj ,,,,,,,
 1_maj , 3_min7 , 1_maj , 5_min7 6_maj7 ,,,,,,,
 6_maj 10_min7 , 5_min7 . . 6_maj7 , 6_maj 10_min7 , 5_min7 . . 6_maj7 , 6_maj7/3 ,,,,,,
 10_min6 , 10_min7 , 10_min6 , 10_min(b13) ,,,,,,,
 5_maj , 4_min , 2_min7 7_maj , 12_maj 12_7 ,,,,,,,
 5_maj , 4_min , 2_7 , 7_7 0:7 ,,,,,,,
 1_maj 1_aug , 6_maj7 6_min , 1_maj 5_7 , 10_7(b9) ,,,,,,,
 3_7 , 3_7 , 3_min7 0:7 , 1_maj 1_7/b7 10_7 . ,,,,,,,
 3_7 , 0:7 N . . , 1_maj , 6_maj 6_min6 ,,,,,,,
 1_maj ,,,,,,,,,,
0,,,,,,,,,,
0,,,,,,,,,,
Do You Love Me,,,,,,,,,,
 1_maj . . . , 6_maj . . . , 0:maj . . . , 10_min . . . ,,,,,,,
 0:maj . . . , N . . . , 0:maj . . . ,,,,,,,,
 1_maj . 1_maj/3 . , 6_maj . 0:maj . , 1_maj . 1_maj/3 . , 6_maj . 0:maj . ,,,,,,,
 1_maj . 1_maj/3 . , 6_maj . 0:maj . ,,,,,,,,,
 6_maj . . . , 6_min . . . ,,,,,,,,,
 0:maj . . . , 0:7 . . . , 0:7 . . . , 0:7 . . . ,,,,,,,
 1_maj . 1_maj/3 . , 6_maj . 0:maj . , 1_maj . 1_maj/3 . , 6_maj . 0:maj . ,,,,,,,
 1_maj . 1_maj/3 . , 6_maj . 0:maj . , 1_maj . . . , 0:maj . . . ,,,,,,,
 1_maj . 1_maj/3 . , 6_maj . 0:maj . , 1_maj . 1_maj/3 . , 6_maj . 0:maj . ,,,,,,,
 1_maj . 1_maj/3 . , 6_maj . 0:maj . , 1_maj . 1_maj/3 . , 6_maj . 0:maj . ,,,,,,,
 0:maj . . . , 0:7 . . . , 0:7 . . . , 0:7 . . . ,,,,,,,
 1_maj . 1_maj/3 . , 6_maj . 0:maj . , 1_maj . 1_maj/3 . , 6_maj . 0:maj . ,,,,,,,
 1_maj . 1_maj/3 . , 6_maj . 0:maj . ,,,,,,,,,
 6_maj . . . , 6_min . . . ,,,,,,,,,
 0:maj . . . , 0:7 . . . , 0:7 . . . , 0:7 . . . ,,,,,,,
 1_maj . 1_maj/3 . , 6_maj . 0:maj . , 1_maj . 1_maj/3 . , 6_maj . 0:maj . ,,,,,,,
 1_maj . 1_maj/3 . , 6_maj . 0:maj . , 1_maj . . . , 0:maj . . . ,,,,,,,
 1_maj . 1_maj/3 . , 6_maj . 0:maj . , 1_maj . 1_maj/3 . , 6_maj . 0:maj . ,,,,,,,
 1_maj . 1_maj/3 . , 6_maj . 0:maj . , 1_maj . . . , 0:maj . . . ,,,,,,,
 1_maj . 1_maj/3 . , 6_maj . 0:maj . , 1_maj . 1_maj/3 . , 6_maj . 0:maj . ,,,,,,,
 1_maj . 1_maj/3 . , 6_maj . 0:maj . , 1_maj . 1_maj/3 . , 6_maj . 0:maj . ,,,,,,,
 0:maj . . . , 0:7 . . . , 0:7 . . . , 0:7 . . . ,,,,,,,
 1_maj . 1_maj/3 . , 6_maj . 0:maj . , 1_maj . 1_maj/3 . , 6_maj . 0:maj . ,,,,,,,
 1_maj . 1_maj/3 . , 6_maj . 0:maj . ,,,,,,,,,
 0:maj . . . , 0:7 . . . , 0:7 . . . , 0:7 . . . ,,,,,,,
 1_maj . 1_maj/3 . , 6_maj . 0:maj . , 1_maj . 1_maj/3 . , 6_maj . 0:maj . ,,,,,,,
 1_maj . 1_maj/3 . , 6_maj . 0:maj . , 1_maj . . . , 0:maj . . . ,,,,,,,
 1_maj . 1_maj/3 . , 6_maj . 0:maj . , 1_maj . 1_maj/3 . , 6_maj . 0:maj . ,,,,,,,
 1_maj . 1_maj/3 . , 6_maj . 0:maj . , 1_maj . . . , 0:maj . . . ,,,,,,,
0,,,,,,,,,,
0,,,,,,,,,,
Do You Love Me,,,,,,,,,,
 1_maj . . . , 6_maj . . . , 0:maj . . . , 10_min . . . ,,,,,,,
 0:maj . . . , N . . . , 0:maj . . . ,,,,,,,,
 1_maj . 1_maj/3 . , 6_maj . 0:maj . , 1_maj . 1_maj/3 . , 6_maj . 0:maj . ,,,,,,,
 1_maj . 1_maj/3 . , 6_maj . 0:maj . ,,,,,,,,,
 6_maj . . . , 6_min . . . ,,,,,,,,,
 0:maj . . . , 0:7 . . . , 0:7 . . . , 0:7 . . . ,,,,,,,
 1_maj . 1_maj/3 . , 6_maj . 0:maj . , 1_maj . 1_maj/3 . , 6_maj . 0:maj . ,,,,,,,
 1_maj . 1_maj/3 . , 6_maj . 0:maj . , 1_maj . . . , 0:maj . . . ,,,,,,,
 1_maj . 1_maj/3 . , 6_maj . 0:maj . , 1_maj . 1_maj/3 . , 6_maj . 0:maj . ,,,,,,,
 1_maj . 1_maj/3 . , 6_maj . 0:maj . , 1_maj . 1_maj/3 . , 6_maj . 0:maj . ,,,,,,,
 0:maj . . . , 0:7 . . . , 0:7 . . . , 0:7 . . . ,,,,,,,
 1_maj . 1_maj/3 . , 6_maj . 0:maj . , 1_maj . 1_maj/3 . , 6_maj . 0:maj . ,,,,,,,
 1_maj . 1_maj/3 . , 6_maj . 0:maj . ,,,,,,,,,
 6_maj . . . , 6_min . . . ,,,,,,,,,
 0:maj . . . , 0:7 . . . , 0:7 . . . , 0:7 . . . ,,,,,,,
 1_maj . 1_maj/3 . , 6_maj . 0:maj . , 1_maj . 1_maj/3 . , 6_maj . 0:maj . ,,,,,,,
 1_maj . 1_maj/3 . , 6_maj . 0:maj . , 1_maj . . . , 0:maj . . . ,,,,,,,
 1_maj . 1_maj/3 . , 6_maj . 0:maj . , 1_maj . 1_maj/3 . , 6_maj . 0:maj . ,,,,,,,
 1_maj . 1_maj/3 . , 6_maj . 0:maj . , 1_maj . . . , 0:maj . . . ,,,,,,,
 1_maj . 1_maj/3 . , 6_maj . 0:maj . , 1_maj . 1_maj/3 . , 6_maj . 0:maj . ,,,,,,,
 1_maj . 1_maj/3 . , 6_maj . 0:maj . , 1_maj . 1_maj/3 . , 6_maj . 0:maj . ,,,,,,,
 0:maj . . . , 0:7 . . . , 0:7 . . . , 0:7 . . . ,,,,,,,
 1_maj . 1_maj/3 . , 6_maj . 0:maj . , 1_maj . 1_maj/3 . , 6_maj . 0:maj . ,,,,,,,
 1_maj . 1_maj/3 . , 6_maj . 0:maj . ,,,,,,,,,
 0:maj . . . , 0:7 . . . , 0:7 . . . , 0:7 . . . ,,,,,,,
 1_maj . 1_maj/3 . , 6_maj . 0:maj . , 1_maj . 1_maj/3 . , 6_maj . 0:maj . ,,,,,,,
 1_maj . 1_maj/3 . , 6_maj . 0:maj . , 1_maj . . . , 0:maj . . . ,,,,,,,
 1_maj . 1_maj/3 . , 6_maj . 0:maj . , 1_maj . 1_maj/3 . , 6_maj . 0:maj . ,,,,,,,
 1_maj . 1_maj/3 . , 6_maj . 0:maj . , 1_maj . . . , 0:maj . . . ,,,,,,,
0,,,,,,,,,,
0,,,,,,,,,,
Do You Love Me,,,,,,,,,,
 1_maj . . . , 6_maj . . . , 0:maj . . . , 10_min . . . ,,,,,,,
 0:maj . . . , N . . . , 0:maj . . . ,,,,,,,,
 1_maj . 1_maj/3 . , 6_maj . 0:maj . , 1_maj . 1_maj/3 . , 6_maj . 0:maj . ,,,,,,,
 1_maj . 1_maj/3 . , 6_maj . 0:maj . ,,,,,,,,,
 6_maj . . . , 6_min . . . ,,,,,,,,,
 0:maj . . . , 0:7 . . . , 0:7 . . . , 0:7 . . . ,,,,,,,
 1_maj . 1_maj/3 . , 6_maj . 0:maj . , 1_maj . 1_maj/3 . , 6_maj . 0:maj . ,,,,,,,
 1_maj . 1_maj/3 . , 6_maj . 0:maj . , 1_maj . . . , 0:maj . . . ,,,,,,,
 1_maj . 1_maj/3 . , 6_maj . 0:maj . , 1_maj . 1_maj/3 . , 6_maj . 0:maj . ,,,,,,,
 1_maj . 1_maj/3 . , 6_maj . 0:maj . , 1_maj . 1_maj/3 . , 6_maj . 0:maj . ,,,,,,,
 0:maj . . . , 0:7 . . . , 0:7 . . . , 0:7 . . . ,,,,,,,
 1_maj . 1_maj/3 . , 6_maj . 0:maj . , 1_maj . 1_maj/3 . , 6_maj . 0:maj . ,,,,,,,
 1_maj . 1_maj/3 . , 6_maj . 0:maj . ,,,,,,,,,
 6_maj . . . , 6_min . . . ,,,,,,,,,
 0:maj . . . , 0:7 . . . , 0:7 . . . , 0:7 . . . ,,,,,,,
 1_maj . 1_maj/3 . , 6_maj . 0:maj . , 1_maj . 1_maj/3 . , 6_maj . 0:maj . ,,,,,,,
 1_maj . 1_maj/3 . , 6_maj . 0:maj . , 1_maj . . . , 0:maj . . . ,,,,,,,
 1_maj . 1_maj/3 . , 6_maj . 0:maj . , 1_maj . 1_maj/3 . , 6_maj . 0:maj . ,,,,,,,
 1_maj . 1_maj/3 . , 6_maj . 0:maj . , 1_maj . . . , 0:maj . . . ,,,,,,,
 1_maj . 1_maj/3 . , 6_maj . 0:maj . , 1_maj . 1_maj/3 . , 6_maj . 0:maj . ,,,,,,,
 1_maj . 1_maj/3 . , 6_maj . 0:maj . , 1_maj . 1_maj/3 . , 6_maj . 0:maj . ,,,,,,,
 0:maj . . . , 0:7 . . . , 0:7 . . . , 0:7 . . . ,,,,,,,
 1_maj . 1_maj/3 . , 6_maj . 0:maj . , 1_maj . 1_maj/3 . , 6_maj . 0:maj . ,,,,,,,
 1_maj . 1_maj/3 . , 6_maj . 0:maj . ,,,,,,,,,
 0:maj . . . , 0:7 . . . , 0:7 . . . , 0:7 . . . ,,,,,,,
 1_maj . 1_maj/3 . , 6_maj . 0:maj . , 1_maj . 1_maj/3 . , 6_maj . 0:maj . ,,,,,,,
 1_maj . 1_maj/3 . , 6_maj . 0:maj . , 1_maj . . . , 0:maj . . . ,,,,,,,
 1_maj . 1_maj/3 . , 6_maj . 0:maj . , 1_maj . 1_maj/3 . , 6_maj . 0:maj . ,,,,,,,
 1_maj . 1_maj/3 . , 6_maj . 0:maj . , 1_maj . . . , 0:maj . . . ,,,,,,,
0,,,,,,,,,,
0,,,,,,,,,,
Do your thing,,,,,,,,,,
 1_min 1_min7/5 , x6,,,,,,,,,
 1_min 1_min7/5 , 1_min 1_min7/5 , 1_min 1_min7/5 , 1_min 1_min7/5 , x3,,,,,,
 4_maj , 0:7/b7 , 1_min 1_min7/5 , 1_min 1_min7/5 , 1_min 1_min7/5 , 1_min 1_min7/5 ,,,,,
 1_min 1_min7/5 , 1_min 1_min7/5 , 1_min 1_min7/5 , 1_min 1_min7/5 , x3,,,,,,
 4_maj , 0:7/b7 , 1_min 1_min7/5 , 1_min 1_min7/5 , 1_min 1_min7/5 , 1_min 1_min7/5 ,,,,,
 1_min 1_min7/5 , 1_min 1_min7/5 , 1_min 1_min7/5 , 1_min 1_min7/5 , x4,,,,,,
 1_min 1_min7/5 , 1_min 1_min7/5 , 1_min 1_min7/5 , 1_min 1_min7/5 ,", fadeout ",,,,,,
 1_min 1_min7/5 , ,,,,,,,,,
0,,,,,,,,,,
0,,,,,,,,,,
Feelin' Stronger Every Day,,,,,,,,,,
 (2/4) 10_min7 1_maj7 , 3_7 , (2/4) 3_maj 0:maj , 1_maj ,,,,,,,
 (2/4) 10_min7 1_maj7 , 3_7 , (2/4) 3_maj 0:maj , 1_maj ,,,,,,,
 0:7 , 0:7 ,,,,,,,,,
 0:maj , 11_maj 6_maj , 11_maj/5 6_maj 1_maj . , 11_maj/5 6_maj 1_maj . ,,,,,,,
 0:maj , 11_maj 6_maj , 11_maj/5 6_maj 1_maj . , 11_maj/5 6_maj 1_maj . ,,,,,,,
 5_min7 , 10_min7 , 5_min7 ,,,,,,,,
 (2/4) 10_min7 1_maj7 , 3_7 ,,,,,,,,,
 0:maj , 11_maj 6_maj , 11_maj/5 6_maj 1_maj . , 11_maj/5 6_maj 1_maj . ,,,,,,,
 0:maj , 11_maj 6_maj , 11_maj/5 6_maj 1_maj . , 11_maj/5 6_maj 1_maj . ,,,,,,,
 5_min7 , 10_min7 , 5_min7 , ->,,,,,,,
 (2/4) 10_min7 1_maj , 3_maj , (2/4) 3_maj 0:maj , 1_maj ,,,,,,,
 (2/4) 10_min7 1_maj , 3_maj , (2/4) 3_maj 0:maj , 1_maj ,,,,,,,
 0:7 , 0:7 ,,,,,,,,,
 3_maj . . 0:maj , 10_maj . . 0:maj , 3_maj . . 0:maj ,,,,,,,,
 5_7 , 5_7 ,,,,,,,,,
 5_7 , 12_7 , 7_maj 2_maj , 9_maj . . 7_maj ,,,,,,,
 5_7 , 12_7 , 7_maj 2_maj , 9_maj . . 7_maj ,,,,,,,
 5_maj 12_maj , 7_7 , x2,,,,,,,,
 5_maj 12_maj , 7_7 , x2,,,,,,,,
 5_maj 12_maj , 7_7 , x2,,,,,,,,
 5_maj 12_maj , 7_7 , x2,,,,,,,,
 5_maj 12_maj , 7_7 , x2,,,,,,,,
 5_maj 12_maj , 7_7 , x2,,,,,,,,
 5_maj 12_maj , 7_7 , x2,,,,,,,,
 5_maj 12_maj , 7_7 , x2,,,,,,,,
0,,,,,,,,,,
0,,,,,,,,,,
Feelin' Stronger Every Day,,,,,,,,,,
 (2/4) 10_min7 1_maj7 , 3_7 , (2/4) 3_maj 0:maj , 1_maj ,,,,,,,
 (2/4) 10_min7 1_maj7 , 3_7 , (2/4) 3_maj 0:maj , 1_maj ,,,,,,,
 0:7 , 0:7 ,,,,,,,,,
 0:maj , 11_maj 6_maj , 11_maj/5 6_maj 1_maj . , 11_maj/5 6_maj 1_maj . ,,,,,,,
 0:maj , 11_maj 6_maj , 11_maj/5 6_maj 1_maj . , 11_maj/5 6_maj 1_maj . ,,,,,,,
 5_min7 , 10_min7 , 5_min7 ,,,,,,,,
 (2/4) 10_min7 1_maj7 , 3_7 ,,,,,,,,,
 0:maj , 11_maj 6_maj , 11_maj/5 6_maj 1_maj . , 11_maj/5 6_maj 1_maj . ,,,,,,,
 0:maj , 11_maj 6_maj , 11_maj/5 6_maj 1_maj . , 11_maj/5 6_maj 1_maj . ,,,,,,,
 5_min7 , 10_min7 , 5_min7 , ->,,,,,,,
 (2/4) 10_min7 1_maj , 3_maj , (2/4) 3_maj 0:maj , 1_maj ,,,,,,,
 (2/4) 10_min7 1_maj , 3_maj , (2/4) 3_maj 0:maj , 1_maj ,,,,,,,
 0:7 , 0:7 ,,,,,,,,,
 3_maj . . 0:maj , 10_maj . . 0:maj , 3_maj . . 0:maj ,,,,,,,,
 5_7 , 5_7 ,,,,,,,,,
 5_7 , 12_7 , 7_maj 2_maj , 9_maj . . 7_maj ,,,,,,,
 5_7 , 12_7 , 7_maj 2_maj , 9_maj . . 7_maj ,,,,,,,
 5_maj 12_maj , 7_7 , x2,,,,,,,,
 5_maj 12_maj , 7_7 , x2,,,,,,,,
 5_maj 12_maj , 7_7 , x2,,,,,,,,
 5_maj 12_maj , 7_7 , x2,,,,,,,,
 5_maj 12_maj , 7_7 , x2,,,,,,,,
 5_maj 12_maj , 7_7 , x2,,,,,,,,
 5_maj 12_maj , 7_7 , x2,,,,,,,,
 5_maj 12_maj , 7_7 , x2,,,,,,,,
0,,,,,,,,,,
0,,,,,,,,,,
Floy Joy,,,,,,,,,,
 N , N , N , N ,,,,,,,
 N , N , N , N ,,,,,,,
 1_maj(9) , 1_maj(9) , 1_maj(9) , 1_maj(9) ,,,,,,,
 1_maj , 1_maj , 3_min , 3_min ,,,,,,,
 1_maj 1_maj/b7 , 10_maj , 6_maj , 3_min7 3_min7/11 ,,,,,,,
 1_maj 1_maj/b7 , 10_maj , 6_maj , 3_min7 3_min7/11 ,,,,,,,
 1_maj , 1_maj , 3_min , 3_min ,,,,,,,
 1_maj 1_maj/b7 , 10_maj , 6_maj , 3_min7 3_min7/11 ,,,,,,,
 1_maj 1_maj/b7 , 10_maj , 6_maj , 3_min7 3_min7/11 ,,,,,,,
 1_maj , 1_maj , 3_min , 3_min ,,,,,,,
 1_maj , 1_maj , 3_min , 3_min ,,,,,,,
 1_maj , 1_maj , 3_min , 3_min ,,,,,,,
 6_maj , 5_min , 4_maj 11_maj , 1_maj ,,,,,,,
 6_maj , 5_min , 3_min7 , 0:maj ,,,,,,,
 1_maj , 1_maj , 3_min , 3_min ,,,,,,,
 1_maj 1_maj/b7 , 10_maj , 6_maj , 3_min7 3_min7/11 ,,,,,,,
 1_maj 1_maj/b7 , 10_maj , 6_maj , 3_min7 3_min7/11 ,,,,,,,
 1_maj , 1_maj , 3_min , 3_min ,,,,,,,
 1_maj , 1_maj , 3_min , 3_min ,,,,,,,
 1_maj , 1_maj , 3_min , 3_min ,,,,,,,
 1_maj , 1_maj , 3_min , 3_min , 1_maj ,,,,,,
0,,,,,,,,,,
0,,,,,,,,,,
Galveston,,,,,,,,,,
 1_maj , 1_maj , 1_maj , 1_maj . 6_maj 0:maj ,,,,,,,
 1_maj , (2/4) 6_maj 0:maj , 1_maj ,,,,,,,,
 1_maj , (2/4) 1_7 , 6_maj . . 6_maj/7 , 3_min 0:7 ,,,,,,,
 1_maj , 6_maj . . 6_maj/7 , 3_min 0:7 ,,,,,,,,
 10_min , 6_maj , 0:11 , 1_maj . 6_maj 0:maj ,,,,,,,
 1_maj , (2/4) 6_maj 0:maj , 1_maj ,,,,,,,,
 1_maj , (2/4) 1_7 , 6_maj . . 6_maj/7 , 3_min 0:7 ,,,,,,,
 1_maj , 6_maj . . 6_maj/7 , 3_min 0:7 ,,,,,,,,
 10_min , 6_maj , 0:11 , 1_maj . 6_maj 0:maj ,,,,,,,
 4_maj , 4_maj 6_maj , 4_maj , 4_maj 6_maj ,,,,,,,
 0:min , 0:min , 4_maj , 1_min 10_hdim7 ,,,,,,,
 11_maj , 6_maj , 1_min , 1_min . 6_maj 0:maj ,,,,,,,
 1_maj , (2/4) 6_maj 0:maj , 1_maj ,,,,,,,,
 1_maj , (2/4) 1_7 , 6_maj . . 6_maj/7 , 3_min 0:7 ,,,,,,,
 1_maj , 6_maj . . 6_maj/7 , 3_min 0:7 ,,,,,,,,
 10_min 10_min/b7 , 6_maj 6_maj/7 , 3_min , 3_min , 10_maj , 0:maj6 ,,,,,
 1_maj , 1_maj , 1_maj , 1_maj ,,,,,,,
 1_maj , (2/4) 6_maj 0:maj , 1_maj ,,,,,,,,
 1_maj , (2/4) 1_7 , 6_maj . . 6_maj/7 , 3_min 0:7 ,,,,,,,
 1_maj , 6_maj . . 6_maj/7 , 3_min 0:7 ,,,,,,,,
 10_min , 6_maj , 0:11 , 1_maj . 6_maj 0:maj ,,,,,,,
 1_maj , (2/4) 6_maj 0:maj , 1_maj ,,,,,,,,
 1_maj , (2/4) 1_7 ,,,,,,,,,
0,,,,,,,,,,
0,,,,,,,,,,
Getaway,,,,,,,,,,
 1_min , 1_min , 1_min , 1_min ,,,,,,,
 1_7(#9) , 1_7(#9) . 6_min 0:min , 1_7(#9) , 1_7(#9) . 6_min 0:min ,,,,,,,
 1_7(#9) , 1_7(#9) . 6_min 0:min , 9_maj7 , 1_min ,,,,,,,
 1_7(#9) , 1_7(#9) , 1_7(#9) , 1_7(#9) ,,,,,,,
 1_7(#9) , 1_7(#9) , 1_7(#9) , 1_7(#9) ,,,,,,,
 1_7(#9) , 1_7(#9) , 1_7(#9) , 1_7(#9) ,,,,,,,
 6_min7 4_maj , 9_maj9 0:7(#9) ,,,,,,,,,
 (2/4) 6_min7 , 6_min7 0:min7 . 10_min7 , 0:min7 10_min7 . 12_min7 ,,,,,,,,
 1_7(#9) , 1_7(#9) . 6_min 0:min , 1_7(#9) , 1_7(#9) . 6_min 0:min ,,,,,,,
 1_7(#9) , 1_7(#9) . 6_min 0:min , 9_maj7 , 1_min ,,,,,,,
 1_7(#9) , 1_7(#9) , 1_7(#9) , 1_7(#9) ,,,,,,,
 1_7(#9) , 1_7(#9) , 1_7(#9) , 1_7(#9) ,,,,,,,
 1_7(#9) , 1_7(#9) , 1_7(#9) , 1_7(#9) ,,,,,,,
 6_min7 4_maj , 9_maj9 0:7(#9) ,,,,,,,,,
 6_min7 0:min7 ,,,,,,,,,,
 1_min7 , 1_min7 ,,,,,,,,,
 1_7(#9) , 1_7(#9) , 1_7(#9) , 1_7(#9) ,,,,,,,
 1_7(#9) , 1_7(#9) , 1_7(#9) , 1_7(#9) ,,,,,,,
 6_min7 4_maj , 9_maj9 0:7(#9) ,,,,,,,,,
 (2/4) 6_min7 , 6_min7 0:min7 . 10_min7 , 0:min7 10_min7 . 12_min7 ,,,,,,,,
 1_min7 , 1_min7 ,,,,,,,,,
 1_7(#9) , 1_7(#9) . 6_min 0:min , 1_7(#9) , 1_7(#9) . 6_min 0:min ,,,,,,,
 1_7(#9) , 1_7(#9) . 6_min 0:min , 1_7(#9) , 1_7(#9) . 6_min 0:min ,,,,,,,
 1_7(#9) , 1_7(#9) . 6_min 0:min , 1_7(#9) , 1_7(#9) . 6_min 0:min ,,,,,,,
 1_7(#9) , 1_7(#9) . 6_min 0:min , 1_7(#9) , 1_7(#9) . 6_min 0:min ,,,,,,,
 1_7(#9) , 1_7(#9) . 6_min 0:min , 1_7(#9) , 1_7(#9) . 6_min 0:min ,,,,,,,
 1_7(#9) , 1_7(#9) . 6_min 0:min , 1_7(#9) , 1_7(#9) . 6_min 0:min ,,,,,,,
 1_7(#9) , 1_7(#9) . 6_min 0:min ,,,,,,,,,
 1_7(#9) , 1_7(#9) . 6_min 0:min , 1_7(#9) , 1_7(#9) . 6_min 0:min ,,,,,,,
 1_7(#9) , 1_7(#9) . 6_min 0:min ,,,,,,,,,
 1_7(#9) , 1_7(#9) . 6_min 0:min , 1_7(#9) , 1_7(#9) . 6_min 0:min ,,,,,,,
 1_7(#9) , 1_7(#9) . 6_min 0:min ,,,,,,,,,
0,,,,,,,,,,
0,,,,,,,,,,
Goodbye Yellow Brick Road,,,,,,,,,,
 1_maj 0:maj/3 10_min 10_min/b7 , 6_maj 0:maj 1_maj . ,,,,,,,,,
 3_min7 6_maj 0:maj . , 1_maj 1_maj/3 6_maj . ,,,,,,,,,
 11_maj 0:7/3 , 1_maj ,,,,,,,,,
 3_min7 6_maj 0:maj . , 1_maj 1_maj/3 6_maj . ,,,,,,,,,
 11_maj 0:7/3 , 1_maj ,,,,,,,,,
 6_min 11_maj , 4_maj 9_maj ,,,,,,,,,
 6_min 0:7 ,,,,,,,,,,
 1_maj 5_7 , 6_maj 1_maj ,,,,,,,,,
 10_7 3_min7 , 0:maj . 1_maj 0:maj/3 ,,,,,,,,,
 10_min7 5_7 , (2/4) 6_maj , 9_maj ,,,,,,,,
 1_maj 0:maj/3 10_min 10_min/b7 , (2/4) 6_maj 0:maj ,,,,,,,,,
 6_min 11_maj , 4_maj 9_maj ,,,,,,,,,
 6_min 0:7 , 1_maj ,,,,,,,,,
 3_min7 6_maj 0:maj . , 1_maj 1_maj/3 6_maj . ,,,,,,,,,
 11_maj 0:7/3 , 1_maj ,,,,,,,,,
 3_min7 6_maj 0:maj . , 1_maj 1_maj/3 6_maj . ,,,,,,,,,
 11_maj 0:7/3 , 1_maj ,,,,,,,,,
 6_min 11_maj , 4_maj 9_maj ,,,,,,,,,
 6_min 0:7 ,,,,,,,,,,
 1_maj 5_7 , 6_maj 1_maj ,,,,,,,,,
 10_7 3_min7 , 0:maj . 1_maj 0:maj/3 ,,,,,,,,,
 10_min7 5_7 , (2/4) 6_maj , 9_maj ,,,,,,,,
 1_maj 0:maj/3 10_min 10_min/b7 , (2/4) 6_maj 0:maj ,,,,,,,,,
 6_min 11_maj , 4_maj 9_maj ,,,,,,,,,
 6_min 0:7 , 1_maj ,,,,,,,,,
0,,,,,,,,,,
0,,,,,,,,,,
Heartbreaker,,,,,,,,,,
 N , N . . 4_maj , 1_min , 1_maj . . 4_maj ,,,,,,,
 1_min , 1_maj . . 4_maj , 1_min , 1_min ,,,,,,,
 1_5 , 11_5 , 9_5 , 6_5 . 0:maj 11_maj ,,,,,,,
 1_5 , 11_5 , 9_5 , 6_5 . 0:maj 11_maj ,,,,,,,
 1_min 11_maj , 9_maj , 6_maj , 0:maj ,,,,,,,
 1_min 11_maj , 9_maj , 6_maj , 0:5 , 0:maj ,,,,,,
 1_min . . 3_min , 4_maj , 6_maj . . 0:maj , 9_maj . . 0:maj ,,,,,,,
 1_min . . 3_min , 4_maj , 6_maj . . 0:maj , 9_maj . . 0:maj ,,,,,,,
 1_min , 1_min . . 4_maj , 1_min , 1_min . . 4_maj ,,,,,,,
 1_5 , 11_5 , 9_5 , 6_5 . 0:maj 11_maj ,,,,,,,
 1_5 , 11_5 , 9_5 , 6_5 . 0:maj 11_maj ,,,,,,,
 1_min 11_maj , 9_maj , 6_maj , 0:maj ,,,,,,,
 1_min 11_maj , 9_maj , 6_maj , 0:5 , 0:maj ,,,,,,
 1_min . . 3_min , 4_maj , 6_maj . . 0:maj , 9_maj . . 0:maj ,,,,,,,
 1_min . . 3_min , 4_maj , 6_maj . . 0:maj , 9_maj . . 0:maj ,,,,,,,
 1_min , 1_min . . 4_maj , 1_min , 1_min . . 4_maj ,,,,,,,
 11_maj . . 1_maj , 0:maj . . 6_maj , 4_maj 2_maj , 1_min 11_maj . 10_maj ,,,,,,,
 11_maj . . 1_maj , 0:maj . . 6_maj , 4_1 11_1 , 0:1 . 3_1 1_1 ,,,,,,,
 0:1 , 0:1 , 0:1 , 0:maj ,,,,,,,
 1_1 , 9_1 , 6_1 , 0:1 6_1 4_1 2_1 ,,,,,,,
 1_1 , 9_1 , 6_1 , 0:5 , 0:maj ,,,,,,
 N , N , N , N ,,,,,,,
 1_min . . 3_min , 4_maj , 6_maj . . 0:maj , 9_maj . . 0:maj ,,,,,,,
 1_min , 4_maj , 6_maj , 9_maj . . 0:maj ,,,,,,,
 1_min , 4_maj , 6_maj , 9_maj . . 0:maj ,,,,,,,
 1_min , 4_maj , 6_maj , 9_maj . . 0:maj ,,,,,,,
 1_min , 4_maj , 6_maj , 9_maj . . 0:maj ,,,,,,,
 1_min , 4_maj , 6_maj , 9_maj . . 0:maj ,,,,,,,
 1_min , 4_maj , 6_maj , 9_maj . . 0:maj ,,,,,,,
 1_min , 4_maj , 6_maj , 9_maj . . 0:maj ,,,,,,,
 1_min , 4_maj , 6_maj , 9_maj . . 0:maj ,,,,,,,
 1_min , 1_min ,,,,,,,,,
0,,,,,,,,,,
0,,,,,,,,,,
Heartbreaker,,,,,,,,,,
 N , N . . 4_maj , 1_min , 1_maj . . 4_maj ,,,,,,,
 1_min , 1_maj . . 4_maj , 1_min , 1_min ,,,,,,,
 1_5 , 11_5 , 9_5 , 6_5 . 0:maj 11_maj ,,,,,,,
 1_5 , 11_5 , 9_5 , 6_5 . 0:maj 11_maj ,,,,,,,
 1_min 11_maj , 9_maj , 6_maj , 0:maj ,,,,,,,
 1_min 11_maj , 9_maj , 6_maj , 0:5 , 0:maj ,,,,,,
 1_min . . 3_min , 4_maj , 6_maj . . 0:maj , 9_maj . . 0:maj ,,,,,,,
 1_min . . 3_min , 4_maj , 6_maj . . 0:maj , 9_maj . . 0:maj ,,,,,,,
 1_min , 1_min . . 4_maj , 1_min , 1_min . . 4_maj ,,,,,,,
 1_5 , 11_5 , 9_5 , 6_5 . 0:maj 11_maj ,,,,,,,
 1_5 , 11_5 , 9_5 , 6_5 . 0:maj 11_maj ,,,,,,,
 1_min 11_maj , 9_maj , 6_maj , 0:maj ,,,,,,,
 1_min 11_maj , 9_maj , 6_maj , 0:5 , 0:maj ,,,,,,
 1_min . . 3_min , 4_maj , 6_maj . . 0:maj , 9_maj . . 0:maj ,,,,,,,
 1_min . . 3_min , 4_maj , 6_maj . . 0:maj , 9_maj . . 0:maj ,,,,,,,
 1_min , 1_min . . 4_maj , 1_min , 1_min . . 4_maj ,,,,,,,
 11_maj . . 1_maj , 0:maj . . 6_maj , 4_maj 2_maj , 1_min 11_maj . 10_maj ,,,,,,,
 11_maj . . 1_maj , 0:maj . . 6_maj , 4_1 11_1 , 0:1 . 3_1 1_1 ,,,,,,,
 0:1 , 0:1 , 0:1 , 0:maj ,,,,,,,
 1_1 , 9_1 , 6_1 , 0:1 6_1 4_1 2_1 ,,,,,,,
 1_1 , 9_1 , 6_1 , 0:5 , 0:maj ,,,,,,
 N , N , N , N ,,,,,,,
 1_min . . 3_min , 4_maj , 6_maj . . 0:maj , 9_maj . . 0:maj ,,,,,,,
 1_min , 4_maj , 6_maj , 9_maj . . 0:maj ,,,,,,,
 1_min , 4_maj , 6_maj , 9_maj . . 0:maj ,,,,,,,
 1_min , 4_maj , 6_maj , 9_maj . . 0:maj ,,,,,,,
 1_min , 4_maj , 6_maj , 9_maj . . 0:maj ,,,,,,,
 1_min , 4_maj , 6_maj , 9_maj . . 0:maj ,,,,,,,
 1_min , 4_maj , 6_maj , 9_maj . . 0:maj ,,,,,,,
 1_min , 4_maj , 6_maj , 9_maj . . 0:maj ,,,,,,,
 1_min , 4_maj , 6_maj , 9_maj . . 0:maj ,,,,,,,
 1_min , 1_min ,,,,,,,,,
0,,,,,,,,,,
0,,,,,,,,,,
Hold On,,,,,,,,,,
 N , 1_maj ,,,,,,,,,
 1_maj 0:maj/11 , 6_maj/5 . . 0:maj/11 , 1_maj 0:maj/11 , 6_maj/5 ,,,,,,,
 6_maj/5 , 6_maj/5 , 10_min . . 5_min7 , 6_maj 0:sus4 ,,,,,,,
 1_maj 0:maj/11 , 6_maj/5 . . 0:maj/11 , 1_maj 0:maj/11 , 6_maj/5 . . 0:maj/11 ,,,,,,,
 1_maj 0:maj/11 , 6_maj/5 . . 0:maj/11 , 10_min . . 5_min7 , 6_maj , 0:maj ,,,,,,
 1_maj 6_maj/5 , 0:maj/11 1_maj , 1_maj 6_maj/5 , 0:maj/11 1_maj ,,,,,,,
 1_maj 6_maj/5 , 0:maj/11 1_maj , 6_maj 1_maj/3 , 3_min7 0:sus4 ,,,,,,,
 6_maj 1_maj/3 , 3_min7 , 0:sus4(b7) , N ,,,,,,,
 1_maj 0:maj/11 , 6_maj/5 . . 0:maj/11 , 1_maj 0:maj/11 , 6_maj/5 . . 0:maj/11 ,,,,,,,
 1_maj 0:maj/11 , 6_maj/5 . . 5_min/5 , 10_min , 6_maj 0:sus4(b7) ,,,,,,,
 1_maj 0:maj/11 , 6_maj/5 . . 0:maj/11 , 1_maj 0:maj/11 , 6_maj/5 . . 0:maj/11 ,,,,,,,
 1_maj 0:maj/11 , 6_maj/5 . . 5_min/5 , 10_min . . 5_min7 , 6_maj , 0:sus4(b7) ,,,,,,
 1_maj 6_maj/5 , 0:maj/11 1_maj , 1_maj 6_maj/5 , 0:maj/11 1_maj ,,,,,,,
 1_maj 6_maj/5 , 0:maj/11 1_maj , 6_maj 1_maj/3 , 3_min7 0:sus4 ,,,,,,,
 6_maj 1_maj/3 , 3_min7 , 0:sus4(b7) , N ,,,,,,,
 1_maj 0:maj/11 , 6_maj/5 . . 0:maj/11 , 1_maj 0:maj/11 , 6_maj/5 ,,,,,,,
 1_maj 0:maj/11 , 6_maj/5 . . 0:maj/11 , 1_maj 0:maj/11 , 6_maj/5 ,,,,,,,
 N , N , N , N ,,,,,,,
 1_1 , 1_1 , 6_maj 1_maj/3 , 3_min7 0:sus4 ,,,,,,,
 1_maj 6_maj/5 , 0:maj/11 1_maj , 1_maj 6_maj/5 , 0:maj/11 1_maj ,,,,,,,
 1_maj 6_maj/5 , 0:maj/11 1_maj , 6_maj 1_maj/3 , 3_min7 0:sus4 ,,,,,,,
 1_maj 6_maj/5 , 0:sus4/11 1_maj , 1_maj 6_maj/5 , 0:sus4/11 1_maj ,,,,,,,
0,,,,,,,,,,
0,,,,,,,,,,
Hold On,,,,,,,,,,
 N , 1_maj ,,,,,,,,,
 1_maj 0:maj/11 , 6_maj/5 . . 0:maj/11 , 1_maj 0:maj/11 , 6_maj/5 ,,,,,,,
 6_maj/5 , 6_maj/5 , 10_min . . 5_min7 , 6_maj 0:sus4 ,,,,,,,
 1_maj 0:maj/11 , 6_maj/5 . . 0:maj/11 , 1_maj 0:maj/11 , 6_maj/5 . . 0:maj/11 ,,,,,,,
 1_maj 0:maj/11 , 6_maj/5 . . 0:maj/11 , 10_min . . 5_min7 , 6_maj , 0:maj ,,,,,,
 1_maj 6_maj/5 , 0:maj/11 1_maj , 1_maj 6_maj/5 , 0:maj/11 1_maj ,,,,,,,
 1_maj 6_maj/5 , 0:maj/11 1_maj , 6_maj 1_maj/3 , 3_min7 0:sus4 ,,,,,,,
 6_maj 1_maj/3 , 3_min7 , 0:sus4(b7) , N ,,,,,,,
 1_maj 0:maj/11 , 6_maj/5 . . 0:maj/11 , 1_maj 0:maj/11 , 6_maj/5 . . 0:maj/11 ,,,,,,,
 1_maj 0:maj/11 , 6_maj/5 . . 5_min/5 , 10_min , 6_maj 0:sus4(b7) ,,,,,,,
 1_maj 0:maj/11 , 6_maj/5 . . 0:maj/11 , 1_maj 0:maj/11 , 6_maj/5 . . 0:maj/11 ,,,,,,,
 1_maj 0:maj/11 , 6_maj/5 . . 5_min/5 , 10_min . . 5_min7 , 6_maj , 0:sus4(b7) ,,,,,,
 1_maj 6_maj/5 , 0:maj/11 1_maj , 1_maj 6_maj/5 , 0:maj/11 1_maj ,,,,,,,
 1_maj 6_maj/5 , 0:maj/11 1_maj , 6_maj 1_maj/3 , 3_min7 0:sus4 ,,,,,,,
 6_maj 1_maj/3 , 3_min7 , 0:sus4(b7) , N ,,,,,,,
 1_maj 0:maj/11 , 6_maj/5 . . 0:maj/11 , 1_maj 0:maj/11 , 6_maj/5 ,,,,,,,
 1_maj 0:maj/11 , 6_maj/5 . . 0:maj/11 , 1_maj 0:maj/11 , 6_maj/5 ,,,,,,,
 N , N , N , N ,,,,,,,
 1_1 , 1_1 , 6_maj 1_maj/3 , 3_min7 0:sus4 ,,,,,,,
 1_maj 6_maj/5 , 0:maj/11 1_maj , 1_maj 6_maj/5 , 0:maj/11 1_maj ,,,,,,,
 1_maj 6_maj/5 , 0:maj/11 1_maj , 6_maj 1_maj/3 , 3_min7 0:sus4 ,,,,,,,
 1_maj 6_maj/5 , 0:sus4/11 1_maj , 1_maj 6_maj/5 , 0:sus4/11 1_maj ,,,,,,,
0,,,,,,,,,,
0,,,,,,,,,,
Hold On,,,,,,,,,,
 N , 1_maj ,,,,,,,,,
 1_maj 0:maj/11 , 6_maj/5 . . 0:maj/11 , 1_maj 0:maj/11 , 6_maj/5 ,,,,,,,
 6_maj/5 , 6_maj/5 , 10_min . . 5_min7 , 6_maj 0:sus4 ,,,,,,,
 1_maj 0:maj/11 , 6_maj/5 . . 0:maj/11 , 1_maj 0:maj/11 , 6_maj/5 . . 0:maj/11 ,,,,,,,
 1_maj 0:maj/11 , 6_maj/5 . . 0:maj/11 , 10_min . . 5_min7 , 6_maj , 0:maj ,,,,,,
 1_maj 6_maj/5 , 0:maj/11 1_maj , 1_maj 6_maj/5 , 0:maj/11 1_maj ,,,,,,,
 1_maj 6_maj/5 , 0:maj/11 1_maj , 6_maj 1_maj/3 , 3_min7 0:sus4 ,,,,,,,
 6_maj 1_maj/3 , 3_min7 , 0:sus4(b7) , N ,,,,,,,
 1_maj 0:maj/11 , 6_maj/5 . . 0:maj/11 , 1_maj 0:maj/11 , 6_maj/5 . . 0:maj/11 ,,,,,,,
 1_maj 0:maj/11 , 6_maj/5 . . 5_min/5 , 10_min , 6_maj 0:sus4(b7) ,,,,,,,
 1_maj 0:maj/11 , 6_maj/5 . . 0:maj/11 , 1_maj 0:maj/11 , 6_maj/5 . . 0:maj/11 ,,,,,,,
 1_maj 0:maj/11 , 6_maj/5 . . 5_min/5 , 10_min . . 5_min7 , 6_maj , 0:sus4(b7) ,,,,,,
 1_maj 6_maj/5 , 0:maj/11 1_maj , 1_maj 6_maj/5 , 0:maj/11 1_maj ,,,,,,,
 1_maj 6_maj/5 , 0:maj/11 1_maj , 6_maj 1_maj/3 , 3_min7 0:sus4 ,,,,,,,
 6_maj 1_maj/3 , 3_min7 , 0:sus4(b7) , N ,,,,,,,
 1_maj 0:maj/11 , 6_maj/5 . . 0:maj/11 , 1_maj 0:maj/11 , 6_maj/5 ,,,,,,,
 1_maj 0:maj/11 , 6_maj/5 . . 0:maj/11 , 1_maj 0:maj/11 , 6_maj/5 ,,,,,,,
 N , N , N , N ,,,,,,,
 1_1 , 1_1 , 6_maj 1_maj/3 , 3_min7 0:sus4 ,,,,,,,
 1_maj 6_maj/5 , 0:maj/11 1_maj , 1_maj 6_maj/5 , 0:maj/11 1_maj ,,,,,,,
 1_maj 6_maj/5 , 0:maj/11 1_maj , 6_maj 1_maj/3 , 3_min7 0:sus4 ,,,,,,,
 1_maj 6_maj/5 , 0:sus4/11 1_maj , 1_maj 6_maj/5 , 0:sus4/11 1_maj ,,,,,,,
0,,,,,,,,,,
0,,,,,,,,,,
Honey Honey,,,,,,,,,,
 1_maj , 1_maj , 6_maj , 6_maj . . 0:maj ,,,,,,,
 1_maj , 1_maj , 6_maj , 6_maj , x2,,,,,,
 1_maj , 10_min , 1_maj , 10_min ,,,,,,,
 1_maj , 10_min , 6_maj , 6_maj . . 0:maj ,,,,,,,
 1_maj , 1_maj , 6_maj , 6_maj , x2,,,,,,
 1_maj , 10_min , 1_maj , 10_min ,,,,,,,
 1_maj , 10_min , 6_maj , 0:sus4(b7) , 0:7 ,,,,,,
 0:min , 1_maj , 6_maj 1_maj/3 , 3_min ,,,,,,,
 0:min , 1_maj , 6_maj , 6_maj ,,,,,,,
 1_min , 6_maj , 11_maj 6_maj/3 , 4_maj ,,,,,,,
 4_maj , 9_maj , 3_min7 , 0:maj ,,,,,,,
 1_maj , 1_maj , 6_maj , 6_maj , x2,,,,,,
 1_maj , 10_min , 1_maj , 10_min ,,,,,,,
 1_maj , 10_min , 6_maj , 0:sus4(b7) , 0:7 ,,,,,,
 0:min , 1_maj , 6_maj 1_maj/3 , 3_min ,,,,,,,
 0:min , 1_maj , 6_maj , 6_maj ,,,,,,,
 1_min , 6_maj , 11_maj 6_maj/3 , 4_maj ,,,,,,,
 4_maj , 9_maj , 3_min7 , 0:maj ,,,,,,,
 1_maj , 1_maj , 6_maj , 6_maj , x2,,,,,,
 1_maj , 10_min , 1_maj , 10_min ,", fadeout",,,,,,
 1_maj , 10_min , 6_maj , 6_maj ,,,,,,,
0,,,,,,,,,,
Hungry Eyes ,,,,,,,,,,
 1_1 , 1_1 ,,,,,,,,,
 1_maj(9) , 6_maj(9) . 0:sus4 0:maj , 1_maj(9) , 6_maj(9) . 0:sus4 0:maj ,,,,,,,
 1_maj(9) , 6_maj(9) . 0:sus4 0:maj , 1_maj(9) , 6_maj(9) . 0:sus4 0:maj ,,,,,,,
 1_maj(9) , 1_maj(9) ,,,,,,,,,
 1_maj , 1_maj , 5_min , 5_min9 , 5_min9(b13) , 5_min9 . 10_min/5 0:maj/13 ,,,,,
 5_min , 5_min9 , 10_min7 , 10_min11 , 3_maj , 3_maj . . 0:maj/3 ,,,,,
 10_min7 , 10_min11 , 3_maj , 6_maj 0:maj ,,,,,,,
 1_maj , 6_maj 0:maj , 1_maj , 6_maj 0:maj ,,,,,,,
 1_maj , 6_maj 0:maj , 1_maj , 6_maj 0:maj ,,,,,,,
 1_maj , 1_maj . . 0:7/3 ,,,,,,,,,
 5_min , 5_min9 , 5_min9(b13) , 5_min9 . 10_min/5 0:maj/13 ,,,,,,,
 5_min , 5_min9 , 10_min7 , 10_min11 , 3_maj , 3_maj . . 0:maj/3 ,,,,,
 10_min7 , 10_min11 , 3_maj , 6_maj 0:maj ,,,,,,,
 1_maj , 6_maj 0:maj , 1_maj , 6_maj 0:maj ,,,,,,,
 1_maj , 6_maj 0:maj , 1_maj , 6_maj 0:maj ,,,,,,,
 1_maj , 6_maj 0:maj , 1_maj , 6_maj 0:maj ,,,,,,,
 1_maj , 6_maj 0:maj , 1_maj , 6_maj 0:maj ,,,,,,,
 10_min7 , 10_min11 , 10_min7 , 10_min11 ,,,,,,,
 10_min7 , 10_min11 , 10_min7 , 6_maj 0:maj ,,,,,,,
 1_maj , 6_maj 0:maj , 1_maj , 6_maj 0:maj ,,,,,,,
 1_maj , 6_maj 0:maj , 1_maj , 6_maj 0:maj ,,,,,,,
 1_maj , 6_maj 0:maj , 1_maj , 6_maj 0:maj ,,,,,,,
 1_maj , 6_maj 0:maj , 1_maj , 6_maj 0:maj ,,,,,,,
 1_maj , 6_maj 0:maj , 1_maj , 6_maj 0:maj ,,,,,,,
 1_maj , 6_maj 0:maj , 1_maj , 6_maj 0:maj ,,,,,,,
 1_maj , 6_maj 0:maj , 1_maj , 6_maj 0:maj ,", fadeout",,,,,,
 1_maj , 6_maj 0:maj , 1_maj , 6_maj 0:maj ,,,,,,,
 1_maj , 6_maj 0:maj , 1_maj , 6_maj 0:maj ,,,,,,,
0,,,,,,,,,,
0,,,,,,,,,,
I Never Loved A Man,,,,,,,,,,
 1_7 . 6_maj , 1_7 . 6_maj , 1_7 . 6_maj , 1_7 . 6_maj ,,,,,,,
 1_7 . 6_maj , 1_7 . 6_maj , 1_7 . 6_maj , 1_7 . 6_maj ,,,,,,,
 1_7 . 6_maj , 1_7 . 6_maj , 0:7 , 0:7 ,,,,,,,
 1_7 . 6_maj , 1_7 . 6_maj , 1_7 . 6_maj , 1_7 . 6_maj ,,,,,,,
 1_7 . 6_maj , 1_7 . 6_maj , 0:7 , 0:7 ,,,,,,,
 0:7 , 0:7 , 0:7 , 0:7 ,,,,,,,
 1_7 . 6_maj , 1_7 . 6_maj , 1_7 . 6_maj , 0:7 ,,,,,,,
 N , N ,,,,,,,,,
 1_7 . 6_maj , 1_7 . 6_maj ,,,,,,,,,
 1_7 . 6_maj , 1_7 . 6_maj , 1_7 . 6_maj , 1_7 . 6_maj ,,,,,,,
 1_7 . 6_maj , 1_7 . 6_maj , 0:7 , 0:7 ,,,,,,,
 1_7 . 6_maj , 1_7 . 6_maj , 1_7 . 6_maj , 1_7 . 6_maj ,,,,,,,
 1_7 . 6_maj , 1_7 . 6_maj , 0:7 , 0:7 ,,,,,,,
 0:7 , 0:7 , 0:7 , 0:7 ,,,,,,,
 1_7 . 6_maj , 1_7 . 6_maj , 1_7 . 6_maj , 0:7 ,,,,,,,
 N , N ,,,,,,,,,
 1_7 . 6_maj , 1_7 . 6_maj ,,,,,,,,,
 6_maj , 6_maj , 6_maj , 6_maj ,,,,,,,
 1_7 , 1_7 , 0:7 , 0:7 , 0:7 , 0:7 ,,,,,
 6_maj , 4_maj , 1_7 . 6_maj , 1_7 . 6_maj ,,,,,,,
 1_7 . 6_maj , 1_7 . 6_maj , 1_7 . 6_maj , 1_7 . 6_maj ,,,,,,,
 1_7 . 6_maj , 1_7 . 6_maj , 1_7 . 6_maj , 1_7 . 6_maj ,,,,,,,
0,,,,,,,,,,
0,,,,,,,,,,
If You really love me,,,,,,,,,,
 5_min7 10_min7 , 3_min7 3_min7/11 , 5_min7 10_min7 , 3_min7 3_min7/11 ,,,,,,,
 5_min7 10_min7 , 3_min7 . 3_min 1_maj , 11_maj , 3_min7/11 ,,,,,,,
 5_min7 10_min7 , 3_min7 3_min7/11 , 5_min7 10_min7 , 3_min7 3_min7/11 ,,,,,,,
 5_min7 10_min7 , 3_min7 3_min7/11 , 5_min7 10_min7 , 3_min7 3_min7/11 ,,,,,,,
 6_maj7 5_min7 . 3_min7 , 1_maj7 , 12_hdim7/b3 , 5_7(b9) ,,,,,,,
 10_maj7 ," 5_7(b9,b13) ", 10_maj7 ," 5_7(b9,b13) ",,,,,,,
 10_min , 10_min/b7 , 7_dim(b13) , 6_min9 11_9 ,,,,,,,
 1_maj7 , 1_maj7 , 5_min7 ," 10_7(b9,#11) ",,,,,,,
 3_13 . . 3_7(b13) , 3_9 , 0:1 , 0:1 ,,,,,,,
 5_min7 10_min7 , 3_min7 3_min7/11 , 5_min7 10_min7 , 3_min7 3_min7/11 ,,,,,,,
 5_min7 10_min7 , 3_min7 3_min7/11 , 5_min7 10_min7 , 3_min7 3_min7/11 ,,,,,,,
 6_maj7 5_min7 . 3_min7 , 1_maj7 , 12_hdim7/b3 , 5_7(b9) ,,,,,,,
 10_maj7 ," 5_7(b9,b13) ", 10_maj7 ," 5_7(b9,b13) ",,,,,,,
 10_min , 10_min/b7 , 7_dim(b13) , 6_min9 11_9 ,,,,,,,
 1_maj7 , 1_maj7 , 5_min7 ," 10_7(b9,#11) ",,,,,,,
 3_13 . . 3_7(b13) , 3_9 , 0:1 , 0:1 9_1 ,,,,,,,
 6_min7 11_min7 , 4_min7 4_min7/11 , 6_min7 11_min7 , 4_min7 4_min7/11 ,,,,,,,
 6_min7 11_min7 , 4_min7 4_min7/11 , 6_min7 11_min7 , 4_min7 4_min7/11 ,,,,,,,
 C7_maj7 6_min7 . 4_min7 , 9_sus4(b7) ,,,,,,,,,
 6_min7 11_min7 , 4_min7 4_min7/11 , 6_min7 11_min7 , 4_min7 4_min7/11 ,,,,,,,
 6_min7 11_min7 , 4_min7 4_min7/11 , 6_min7 11_min7 , 4_min7 4_min7/11 ,,,,,,,
 6_min7 11_min7 , 4_min7 4_min7/11 , 6_min7 11_min7 , 4_min7 4_min7/11 ,,,,,,,
 6_min7 11_min7 , 4_min7 4_min7/11 , 6_min7 11_min7 ,,,,,,,,
0,,,,,,,,,,
0,,,,,,,,,,
Invisible Touch,,,,,,,,,,
 (2/4) N , 1_sus4 1_maj , 6_maj/5 . . 0:maj/11 , 1_sus4 1_maj ," 6_maj/3 . 0:sus4(b7,9) 0:maj ",,,,,,
 1_sus4 1_maj , 6_maj/5 . . 0:maj/11 , 1_sus4 1_maj ," 6_maj/3 . 0:sus4(b7,9) 0:maj ",,,,,,,
 10_min , 6_maj7 , 5_min , 1_maj(9) ,,,,,,,
 10_min , 6_maj7 , 5_min , 0:maj ,,,,,,,
 3_maj , 3_maj , 6_maj , 1_maj ,,,,,,,
 6_maj , 1_maj , 6_maj , 6_maj 0:maj ,,,,,,,
 1_sus4 1_maj , 6_maj/5 . . 0:maj/11 , 1_sus4 1_maj ," 6_maj/3 . 0:sus4(b7,9) 0:maj ",,,,,,,
 1_sus4 1_maj , 6_maj/5 . . 0:maj/11 , 1_sus4 1_maj ," 6_maj/3 . 0:sus4(b7,9) 0:maj ",,,,,,,
 10_min , 6_maj7 , 5_min , 1_maj ,,,,,,,
 10_min , 6_maj7 , 5_min , 0:maj ,,,,,,,
 3_maj , 3_maj , 6_maj , 1_maj ,,,,,,,
 6_maj , 1_maj , 6_maj , 6_maj 0:maj ,,,,,,,
 1_sus4 1_maj , 6_maj/5 . . 0:maj/11 , 1_sus4 1_maj ," 6_maj/3 . 0:sus4(b7,9) 0:maj ",,,,,,,
 1_sus4 1_maj , 6_maj/5 . . 0:maj/11 , 1_sus4 1_maj ," 6_maj/3 . 0:sus4(b7,9) 0:maj ",,,,,,,
 11_11 , 11_11 , 11_11 , 11_11 ,,,,,,,
 11_11 , 11_11 , 11_11 , 11_11 ,,,,,,,
 1_sus4 1_maj , 6_maj/5 . . 0:maj/11 , 1_sus4 1_maj ," 6_maj/3 . 0:sus4(b7,9) 0:maj ",,,,,,,
 1_sus4 1_maj , 6_maj/5 . . 0:maj/11 , 1_sus4 1_maj ," 6_maj/3 . 0:sus4(b7,9) 0:maj ",,,,,,,
 10_min , 6_maj7 , 5_min , 1_maj ,,,,,,,
 10_min , 6_maj7 , 5_min , 0:maj ,,,,,,,
 3_maj , 3_maj , 6_maj , 1_maj ,,,,,,,
 6_maj , 1_maj , 6_maj , 6_maj 0:maj ,,,,,,,
 3_sus4 3_maj , 0:maj/5 . . 10_maj/11 , 3_sus4 3_maj ," 0:maj/3 . 10_sus4(b7,9) 10_maj ",,,,,,,
 3_sus4 3_maj , 0:maj/5 . . 10_maj/11 , 3_sus4 3_maj ," 0:maj/3 . 10_sus4(b7,9) 10_maj ",,,,,,,
 3_sus4 3_maj , 0:maj/5 . . 10_maj/11 , 3_sus4 3_maj ," 0:maj/3 . 10_sus4(b7,9) 10_maj ",,,,,,,
 3_sus4 3_maj , 0:maj/5 . . 10_maj/11 , 3_sus4 3_maj ," 0:maj/3 . 10_sus4(b7,9) 10_maj ",,,,,,,
 3_sus4 3_maj , 0:maj/5 . . 10_maj/11 , 3_sus4 3_maj ," 0:maj/3 . 10_sus4(b7,9) 10_maj ",", fadeout",,,,,,
 3_sus4 3_maj , 0:maj/5 . . 10_maj/11 , 3_sus4 3_maj ," 0:maj/3 . 10_sus4(b7,9) 10_maj ",,,,,,,
0,,,,,,,,,,
0,,,,,,,,,,
It's Raining Men,,,,,,,,,,
 1_min , 1_min , 11_maj , 11_maj ,,,,,,,
 9_maj , 9_maj , 0:sus4 , 0:maj ,,,,,,,
 1_min , 1_min7 , 1_min6 , 1_min(b13) ,,,,,,,
 1_min , 1_min7 , 1_min6 , 1_min(b13) ,,,,,,,
 1_min , 1_min , 1_min , 1_min ,,,,,,,
 1_min , 1_min , 0:sus4 , 0:maj ,,,,,,,
 1_min , 1_min , 6_min7 , 6_min7 ,,,,,,,
 0:sus4 , 0:maj , 0:sus4 , 0:maj ,,,,,,,
 0:maj ,,,,,,,,,,
 9_maj , 11_maj , 0:maj , 1_min ,,,,,,,
 9_maj , 6_min , 6_min/9 , 0:7 , 0:7 ,,,,,,
 9_maj , 11_maj , 0:maj , 1_min ,,,,,,,
 9_maj , 6_min , 6_min/9 , 0:7 , 0:7 ,,,,,,
 9_maj , 11_maj , 0:maj , 1_min ,,,,,,,
 9_maj , 11_maj , 0:maj , 1_min ,,,,,,,
 9_maj , 11_maj , 0:maj , 1_min ,,,,,,,
 6_min 1_min/5 , 9_maj 10_hdim7 , 0:maj/3 1_min , 0:maj/5 1_min/b3 ,,,,,,,
 0:sus4 , 0:maj ,,,,,,,,,
 1_min , 1_min ,,,,,,,,,
 1_min , 1_min , 1_min , 1_min ,,,,,,,
 1_min , 1_min , 1_min , 1_min ,,,,,,,
 1_min , 1_min , 1_min , 1_min ,,,,,,,
 0:sus4 , 0:maj ,,,,,,,,,
 1_min , 1_min , 6_min7 , 6_min7 ,,,,,,,
 0:sus4 , 0:maj , 0:sus4 , 0:maj ,,,,,,,
 0:sus4 , 0:maj ,,,,,,,,,
 9_maj , 11_maj , 0:maj , 1_min ,,,,,,,
 9_maj , 11_maj , 0:maj , 1_min ,,,,,,,
 9_maj , 11_maj , 0:maj , 1_min ,,,,,,,
 9_maj , 11_maj , 0:maj , 1_min ,,,,,,,
 9_maj , 11_maj , 0:maj , 1_min ,,,,,,,
 9_maj , 11_maj , 0:maj , 1_min ,,,,,,,
0,,,,,,,,,,
It's Your Thing,,,,,,,,,,
0,,,,,,,,,,
 1_7 , 6_7 , 1_7 , 6_7 ,,,,,,,
 1_7 , 6_7 , 1_7 , 6_7 ,,,,,,,
 1_7 , 6_7 , 1_7 , 6_7 ,,,,,,,
 1_7 , 6_7 , 1_7 , 6_7 ,,,,,,,
 1_7 , 6_7 , 1_7 , 6_7 ,,,,,,,
 1_7 , 6_7 , 1_7 , 6_7 ,,,,,,,
 1_7 , 1_7 , 1_7 , 1_7 ,,,,,,,
 1_7 , 1_7 , 1_7 , 1_7 ,,,,,,,
 1_7 , 1_7 , 1_7 , 1_7 ,,,,,,,
 1_7 , 1_7 , 1_7 , 1_7 ,,,,,,,
 1_7 , 6_7 , 1_7 , 6_7 ,,,,,,,
 1_7 , 6_7 , 1_7 , 6_7 ,,,,,,,
 1_7 , 6_7 , 1_7 , 6_7 ,,,,,,,
 1_7 , 6_7 , 1_7 , 6_7 ,,,,,,,
 1_7 , 1_7 , 1_7 , 1_7 ,,,,,,,
 1_7 , 1_7 , 1_7 , 1_7 ,,,,,,,
 1_7 , 1_7 , 1_7 , 1_7 ,,,,,,,
 1_7 , 1_7 , 1_7 , 1_7 ,,,,,,,
 1_7 , 6_7 , 1_7 , 6_7 ,,,,,,,
 1_7 , 6_7 , 1_7 , 6_7 ,,,,,,,
 1_7 , 6_7 , 1_7 , 6_7 ,,,,,,,
 1_7 , 6_7 , 1_7 , 6_7 ,,,,,,,
 1_7 , 1_7 , 1_7 , 1_7 ,,,,,,,
 1_7 , 1_7 , 1_7 , 1_7 ,,,,,,,
 1_7 , 1_7 , 1_7 , 1_7 ,,,,,,,
 1_7 , 1_7 , 1_7 , 1_7 ,,,,,,,
 1_7 , 6_7 , 1_7 , 6_7 ,,,,,,,
 1_7 , 6_7 , 1_7 , 6_7 ,,,,,,,
 1_7 , 6_7 , 1_7 , 6_7 ,,,,,,,
 1_7 , 6_7 , 1_7 , 6_7 ,,,,,,,
 1_7 , 6_7 , 1_7 , 6_7 ,,,,,,,
0,,,,,,,,,,
 5_maj 5_maj/3 10_maj . , 12_maj/3 5_maj , 5_maj 5_maj/3 10_maj . , 12_maj/3 5_maj . . ,,,,,,,
 5_maj 5_maj/3 10_maj . , 12_maj/3 5_maj , 5_maj 5_maj/3 10_maj . , 12_maj/3 5_maj . . ,,,,,,,
 1_maj 1_maj/3 6_maj . , 0:maj/3 1_maj , 1_maj 1_maj/3 6_maj . , 0:maj/3 1_maj . . ,,,,,,,
 1_maj 1_maj/3 6_maj . , 0:maj/3 1_maj , 1_maj 1_maj/3 6_maj . , 0:maj/3 1_maj . . ,,,,,,,
 1_maj 1_maj/3 6_maj . , 0:maj/3 1_maj , 1_maj 1_maj/3 6_maj . , 0:maj/3 1_maj . . ,,,,,,,
 1_maj 1_maj/3 6_maj . , 0:maj/3 1_maj , 1_maj 1_maj/3 6_maj . , 0:maj/3 1_maj . . ,,,,,,,
 1_maj 1_maj/3 6_maj . , 0:maj/3 1_maj , 1_maj 1_maj/3 6_maj . , 0:maj/3 1_maj . . ,,,,,,,
 1_maj 1_maj/3 6_maj . , 0:maj/3 1_maj , 1_maj 1_maj/3 6_maj . , 0:maj/3 1_maj . . ,,,,,,,
0,,,,,,,,,,
0,,,,,,,,,,
 5_maj 5_maj/3 10_maj . , 12_maj/3 5_maj , 5_maj 5_maj/3 10_maj . , 12_maj/3 5_maj . . ,,,,,,,
 5_maj 5_maj/3 10_maj . , 12_maj/3 5_maj , 5_maj 5_maj/3 10_maj . , 12_maj/3 5_maj . . ,,,,,,,
 1_maj 1_maj/3 6_maj . , 0:maj/3 1_maj , 1_maj 1_maj/3 6_maj . , 0:maj/3 1_maj . . ,,,,,,,
 1_maj 1_maj/3 6_maj . , 0:maj/3 1_maj , 1_maj 1_maj/3 6_maj . , 0:maj/3 1_maj . . ,,,,,,,
 1_maj 1_maj/3 6_maj . , 0:maj/3 1_maj , 1_maj 1_maj/3 6_maj . , 0:maj/3 1_maj . . ,,,,,,,
 1_maj 1_maj/3 6_maj . , 0:maj/3 1_maj , 1_maj 1_maj/3 6_maj . , 0:maj/3 1_maj . . ,,,,,,,
 1_maj 1_maj/3 6_maj . , 0:maj/3 1_maj , 1_maj 1_maj/3 6_maj . , 0:maj/3 1_maj . . ,,,,,,,
 1_maj 1_maj/3 6_maj . , 0:maj/3 1_maj , 1_maj 1_maj/3 6_maj . , 0:maj/3 1_maj . . ,,,,,,,
0,,,,,,,,,,
0,,,,,,,,,,
Kicks,,,,,,,,,,
 1_min7 , 1_min7/11 . 1_min7/b3 1_min7/9 , 1_min7 , 1_min7/11 . 1_min7/b3 1_min7/9 ,,,,,,,
 1_min7 , 1_min7/11 . 1_min7/b3 1_min7/9 , 1_min7 , 1_min7/11 . 1_min7/b3 1_min7/9 ,,,,,,,
 1_min7 , 1_min7/11 . 1_min7/b3 1_min7/9 , 1_min7 , 1_min7/11 . 1_min7/b3 1_min7/9 ,,,,,,,
 9_maj , 9_maj , 1_min , 1_minmaj7 1_min7 ,,,,,,,
 9_maj , 9_maj , 0:7 , 0:7 ,,,,,,,
 4_maj , 9_maj , 4_maj , 9_maj ,,,,,,,
 4_maj , 4_maj , 0:7 , 0:7 ,,,,,,,
 1_min7 , 1_min7/11 . 1_min7/b3 1_min7/9 , 1_min7 , 1_min7/11 . 1_min7/b3 1_min7/9 ,,,,,,,
 1_min7 , 1_min7/11 . 1_min7/b3 1_min7/9 , 1_min7 , 1_min7/11 . 1_min7/b3 1_min7/9 ,,,,,,,
 1_min7 , 1_min7/11 . 1_min7/b3 1_min7/9 , 1_min7 , 1_min7/11 . 1_min7/b3 1_min7/9 ,,,,,,,
 9_maj , 9_maj , 1_min , 1_minmaj7 1_min7 ,,,,,,,
 9_maj , 9_maj , 0:7 , 0:7 ,,,,,,,
 4_maj , 9_maj , 4_maj , 9_maj ,,,,,,,
 4_maj , 4_maj , 0:7 , 0:7 ,,,,,,,
 1_maj , 1_maj , 10_min , 10_min ,,,,,,,
 6_maj , 6_maj , 0:maj , 0:maj ,,,,,,,
 4_maj , 9_maj , 4_maj , 9_maj ,,,,,,,
 4_maj , 4_maj , 0:7 , 0:7 ,,,,,,,
 4_maj , 9_maj , 4_maj , 9_maj ,,,,,,,
 4_maj , 4_maj , 0:7 , 0:7 ,,,,,,,
0,,,,,,,,,,
0,,,,,,,,,,
 4_maj7 , 6_maj/b7 , 3_min7 3_7 , 0:min 1_9 ,,,,,,,
 11_maj/5 , 4_maj/9 , 11_maj/5 , 4_maj/9 ,,,,,,,
 1_maj/5 , 6_maj/9 ,,,,,,,,,
 3_9/3 , 6_maj7 , 1_maj/3 ," 3_min7 0:sus4(b7,9) ",,,,,,,
 1_maj , 6_maj/5 , 1_maj , 0:aug(b7) ,,,,,,,
 1_maj , 6_maj/5 , 1_7 , 1_7 ,,,,,,,
 6_maj7 , 0:maj/b7 , 5_min7 , 10_min ,,,,,,,
 6_maj7 , 0:maj/b7 , 5_min7 5_7 , 10_min 3_9/5 ,,,,,,,
 1_maj/5 , 6_maj/9 , 1_maj/5 , 6_maj/9 ,,,,,,,
 1_maj/5 , 6_maj/9 ,,,,,,,,,
 3_9/3 , 6_maj7 , 1_maj/3 ," 3_min7 0:sus4(b7,9) ",,,,,,,
" 0:sus4(b7,9) ", 1_maj ,,,,,,,,,
0,,,,,,,,,,
0,,,,,,,,,,
 4_maj7 , 6_maj/b7 , 3_min7 3_7 , 0:min 1_9 ,,,,,,,
 11_maj/5 , 4_maj/9 , 11_maj/5 , 4_maj/9 ,,,,,,,
 1_maj/5 , 6_maj/9 ,,,,,,,,,
 3_9/3 , 6_maj7 , 1_maj/3 ," 3_min7 0:sus4(b7,9) ",,,,,,,
 1_maj , 6_maj/5 , 1_maj , 0:aug(b7) ,,,,,,,
 1_maj , 6_maj/5 , 1_7 , 1_7 ,,,,,,,
 6_maj7 , 0:maj/b7 , 5_min7 , 10_min ,,,,,,,
 6_maj7 , 0:maj/b7 , 5_min7 5_7 , 10_min 3_9/5 ,,,,,,,
 1_maj/5 , 6_maj/9 , 1_maj/5 , 6_maj/9 ,,,,,,,
 1_maj/5 , 6_maj/9 ,,,,,,,,,
 3_9/3 , 6_maj7 , 1_maj/3 ," 3_min7 0:sus4(b7,9) ",,,,,,,
" 0:sus4(b7,9) ", 1_maj ,,,,,,,,,
0,,,,,,,,,,
0,,,,,,,,,,
 4_maj7 , 6_maj/b7 , 3_min7 3_7 , 0:min 1_9 ,,,,,,,
 11_maj/5 , 4_maj/9 , 11_maj/5 , 4_maj/9 ,,,,,,,
 1_maj/5 , 6_maj/9 ,,,,,,,,,
 3_9/3 , 6_maj7 , 1_maj/3 ," 3_min7 0:sus4(b7,9) ",,,,,,,
 1_maj , 6_maj/5 , 1_maj , 0:aug(b7) ,,,,,,,
 1_maj , 6_maj/5 , 1_7 , 1_7 ,,,,,,,
 6_maj7 , 0:maj/b7 , 5_min7 , 10_min ,,,,,,,
 6_maj7 , 0:maj/b7 , 5_min7 5_7 , 10_min 3_9/5 ,,,,,,,
 1_maj/5 , 6_maj/9 , 1_maj/5 , 6_maj/9 ,,,,,,,
 1_maj/5 , 6_maj/9 ,,,,,,,,,
 3_9/3 , 6_maj7 , 1_maj/3 ," 3_min7 0:sus4(b7,9) ",,,,,,,
" 0:sus4(b7,9) ", 1_maj ,,,,,,,,,
0,,,,,,,,,,
0,,,,,,,,,,
Levon,,,,,,,,,,
 1_maj , 6_maj , 1_maj , 6_maj ,,,,,,,
 1_maj 6_maj , 1_maj , 6_maj , 1_maj ,,,,,,,
 0:maj/3 , 10_min , 5_min 6_maj , 3_min7 ,,,,,,,
 1_maj 6_maj , 1_maj , 6_maj , 1_maj ,,,,,,,
 0:maj/3 , 10_min , 5_min 6_maj , 3_min7 ,,,,,,,
 5_min 10_min , 6_maj 1_maj/3 , 3_min7 1_maj , 6_maj 1_maj/3 ,,,,,,,
 3_min7 , 3_min7 ,,,,,,,,,
 6_sus4 6_maj , 1_maj/3 , 6_sus4 6_maj , 1_maj/3 ,,,,,,,
 6_sus4 6_maj , 1_maj/3 , 6_maj , 0:maj ,,,,,,,
 1_maj , 6_maj/5 , 1_maj , 6_maj/5 ,,,,,,,
 1_maj 6_maj/5 , 1_maj , 6_maj , 1_maj ,,,,,,,
 0:maj/3 , 10_min , 5_min 6_maj , 3_min7 ,,,,,,,
 1_maj 6_maj/5 , 1_maj , 6_maj , 1_maj ,,,,,,,
 0:maj/3 , 10_min , 5_min 6_maj , 3_min7 ,,,,,,,
 5_min 10_min , 6_maj 1_maj/3 , 3_min7 1_maj , 6_maj 1_maj/3 ,,,,,,,
 3_min7 , 3_min7 ,,,,,,,,,
 6_sus4 6_maj , 1_maj/3 , 6_sus4 6_maj , 1_maj/3 ,,,,,,,
 6_sus4 6_maj , 1_maj/3 , 6_maj , 0:maj ,,,,,,,
 6_sus4 6_maj , 1_maj/3 , 6_sus4 6_maj , 1_maj/3 ,,,,,,,
 6_sus4 6_maj , 1_maj/3 , 6_maj , 0:maj ,,,,,,,
 1_maj , 6_maj/5 , 1_maj , 6_maj/5 ,,,,,,,
 1_maj , 6_maj/5 , 1_maj , 6_maj/5 ,,,,,,,
 1_maj , 6_maj/5 , 1_maj , 6_maj/5 ,,,,,,,
 1_maj , 6_maj/5 , 1_maj , 6_maj/5 ,,,,,,,
 1_maj , 6_maj/5 , 1_maj , 6_maj/5 ,,,,,,,
0,,,,,,,,,,
0,,,,,,,,,,
 4_maj , 4_maj , 11_maj , 11_maj ,,,,,,,
 2_maj , 6_maj , 6_maj , 5_maj ,,,,,,,
 1_maj , 1_maj , 1_maj , 6_maj 1_maj ,,,,,,,
 1_maj , 1_maj , 0:7 , 3_maj 0:7 ,,,,,,,
 1_maj , 6_maj , 3_maj 11_maj , 0:7 , 0:7 ,,,,,,
 1_maj , 1_maj , 1_maj , 1_maj ,,,,,,,
 6_maj , 6_maj , 1_maj , 1_maj ,,,,,,,
 4_maj , 9_maj , 9_maj ,,,,,,,,
 9_maj , 2_maj 9_maj , 4_7 , 11_maj 4_7 ,,,,,,,
 9_maj , 2_maj 9_maj , 4_7 , 11_maj 4_7 ,,,,,,,
 9_maj , 2_maj 9_maj , 4_7 , 11_maj 4_7 ,,,,,,,
 9_maj , 2_maj 9_maj , 4_7 , 11_maj 4_7 ,", fadeout",,,,,,
 9_maj , 2_maj 9_maj , 4_7 , 11_maj 4_7 ,,,,,,,
 9_maj , 2_maj 9_maj , 4_7 , 11_maj 4_7 ,,,,,,,
0,,,,,,,,,,
0,,,,,,,,,,
Lonely Eyes,,,,,,,,,,
 N ,,,,,,,,,,
 1_maj , 5_min , 6_maj , 6_maj/9 ,,,,,,,
 1_maj , 0:maj/11 , 6_maj , 3_min 6_maj/9 ,,,,,,,
 10_min , 5_min , 6_maj , 6_maj/9 ,,,,,,,
 1_maj , 5_min , 6_maj , 6_maj/9 ,,,,,,,
 1_maj , 5_min , 6_maj 6_min , 1_maj 6_maj/9 ,,,,,,,
 1_maj , 0:maj/11 , 6_maj , 3_min 6_maj/9 ,,,,,,,
 1_maj , 0:maj/11 , 6_maj , 3_min 6_maj/9 ,,,,,,,
 10_min , 5_min , 6_maj , 0:7 ,,,,,,,
 1_maj , 5_min , 6_maj , 6_maj/9 ,,,,,,,
 1_maj , 5_min , 6_maj 6_min , 1_maj 10_maj ,,,,,,,
 3_maj , 10_maj/11 , 0:maj , 5_min 0:maj/9 ,,,,,,,
 12_min , 7_min , 0:maj , 10_7 , 0:maj/9 ,,,,,,
 3_maj , 7_min , 0:maj , 0:maj/9 ,,,,,,,
 3_maj , 7_min , 0:maj 0:min , 3_maj 0:maj/9 ,,,,,,,
 3_maj , 7_min , 0:maj , 0:maj/9 ,,,,,,,
 3_maj , 7_min , 0:maj , 0:maj/9 ,,,,,,,
 3_maj , 7_min , 0:maj , 0:maj/9 ,,,,,,,
0,,,,,,,,,,
0,,,,,,,,,,
Lonely Weekends,,,,,,,,,,
 1_maj 6_maj , 1_maj 6_maj , 1_maj 6_maj , 1_maj ,,,,,,,
 1_maj 6_maj , 1_maj 6_maj , 1_maj 6_maj , 1_maj 6_maj ,,,,,,,
 1_maj 6_maj , 1_maj 6_maj , 1_maj 6_maj , 1_maj 6_maj , 1_maj ,,,,,,
 1_maj 6_maj , 1_maj 6_maj , 1_maj 6_maj , 1_maj 6_maj ,,,,,,,
 1_maj 6_maj , 1_maj 6_maj , 1_maj 6_maj , 1_maj ,,,,,,,
 6_maj , 6_maj 11_maj , 6_maj , 6_maj 11_maj , x3,,,,,,
 0:7 , 0:7 , 0:7 , 0:7 ,,,,,,,
 1_maj 6_maj , 1_maj 6_maj , 1_maj 6_maj , 1_maj 6_maj ,,,,,,,
 1_maj 6_maj , 1_maj 6_maj , 1_maj 6_maj , 1_maj 6_maj , 1_maj , 1_maj ,,,,,
 1_maj 6_maj , 1_maj 6_maj , 1_maj 6_maj , 1_maj 6_maj ,,,,,,,
 1_maj 6_maj , 1_maj 6_maj , 1_maj 6_maj , 1_maj 6_maj ,,,,,,,
 1_maj 6_maj , 1_maj 6_maj , 1_maj 6_maj , 1_maj 6_maj ,,,,,,,
 1_maj 6_maj , 1_maj 6_maj , 1_maj 6_maj , 1_maj ,,,,,,,
 6_maj , 6_maj 11_maj , 6_maj , 6_maj 11_maj , x3,,,,,,
 0:7 , 0:7 , 0:7 , 0:7 ,,,,,,,
 1_maj 6_maj , 1_maj 6_maj , 1_maj 6_maj , 1_maj 6_maj ,,,,,,,
 1_maj 6_maj , 1_maj 6_maj , 1_maj 6_maj , 1_maj 6_maj ,,,,,,,
 1_maj 6_maj , 1_maj 6_maj , 1_maj 6_maj , 1_maj 6_maj ,,,,,,,
 1_maj 6_maj , 1_maj 6_maj , 1_maj 6_maj , 1_maj 6_maj ,", fadeout",,,,,,
 1_maj 6_maj , 1_maj 6_maj ,,,,,,,,,
0,,,,,,,,,,
0,,,,,,,,,,
Lonely Weekends,,,,,,,,,,
 1_maj 6_maj , 1_maj 6_maj , 1_maj 6_maj , 1_maj ,,,,,,,
 1_maj 6_maj , 1_maj 6_maj , 1_maj 6_maj , 1_maj 6_maj ,,,,,,,
 1_maj 6_maj , 1_maj 6_maj , 1_maj 6_maj , 1_maj 6_maj , 1_maj ,,,,,,
 1_maj 6_maj , 1_maj 6_maj , 1_maj 6_maj , 1_maj 6_maj ,,,,,,,
 1_maj 6_maj , 1_maj 6_maj , 1_maj 6_maj , 1_maj ,,,,,,,
 6_maj , 6_maj 11_maj , 6_maj , 6_maj 11_maj , x3,,,,,,
 0:7 , 0:7 , 0:7 , 0:7 ,,,,,,,
 1_maj 6_maj , 1_maj 6_maj , 1_maj 6_maj , 1_maj 6_maj ,,,,,,,
 1_maj 6_maj , 1_maj 6_maj , 1_maj 6_maj , 1_maj 6_maj , 1_maj , 1_maj ,,,,,
 1_maj 6_maj , 1_maj 6_maj , 1_maj 6_maj , 1_maj 6_maj ,,,,,,,
 1_maj 6_maj , 1_maj 6_maj , 1_maj 6_maj , 1_maj 6_maj ,,,,,,,
 1_maj 6_maj , 1_maj 6_maj , 1_maj 6_maj , 1_maj 6_maj ,,,,,,,
 1_maj 6_maj , 1_maj 6_maj , 1_maj 6_maj , 1_maj ,,,,,,,
 6_maj , 6_maj 11_maj , 6_maj , 6_maj 11_maj , x3,,,,,,
 0:7 , 0:7 , 0:7 , 0:7 ,,,,,,,
 1_maj 6_maj , 1_maj 6_maj , 1_maj 6_maj , 1_maj 6_maj ,,,,,,,
 1_maj 6_maj , 1_maj 6_maj , 1_maj 6_maj , 1_maj 6_maj ,,,,,,,
 1_maj 6_maj , 1_maj 6_maj , 1_maj 6_maj , 1_maj 6_maj ,,,,,,,
 1_maj 6_maj , 1_maj 6_maj , 1_maj 6_maj , 1_maj 6_maj ,", fadeout",,,,,,
 1_maj 6_maj , 1_maj 6_maj ,,,,,,,,,
0,,,,,,,,,,
0,,,,,,,,,,
Make A Little Magic,,,,,,,,,,
 1_maj , 1_sus4 1_sus2 , 1_maj , 1_maj 6_maj ,,,,,,,
 1_maj , 1_sus4 1_sus2 , 1_maj ," 0:sus4(b7,9) "," 0:sus4(b7,9) ",,,,,,
 1_maj 1_maj/3 , 6_sus2 0:sus4 , 1_maj 1_maj/3 , 6_sus2 0:sus4 ,,,,,,,
 1_maj 1_maj/3 , 6_sus2 0:sus4 , 1_maj 1_maj/3 , 6_sus2 0:sus4 ,,,,,,,
 1_maj 1_maj/3 , 6_sus2 0:sus4 , 1_maj 1_maj/3 , 6_sus2 0:sus4 ,,,,,,,
 1_maj 1_maj/3 , 6_sus2 0:sus4 , 1_maj 1_maj/3 , 6_sus2 0:sus4 ,,,,,,,
 0:maj , 6_maj , 6_maj 1_maj , 6_maj 1_maj ,,,,,,,
 5_min7 , 10_min , 3_min , 0:sus4 0:maj ,,,,,,,
 3_min , 0:maj , 0:maj ,,,,,,,,
 1_maj 1_maj/3 , 6_sus2 0:sus4 , 1_maj 1_maj/3 , 6_sus2 0:sus4 ,,,,,,,
 1_maj 1_maj/3 , 6_sus2 0:sus4 , 1_maj 1_maj/3 , 6_sus2 0:sus4 ,,,,,,,
 1_maj 1_maj/3 , 6_sus2 0:sus4 , 1_maj 1_maj/3 , 6_sus2 0:sus4 ,,,,,,,
 1_maj 1_maj/3 , 6_sus2 0:sus4 , 1_maj 1_maj/3 , 6_sus2 0:sus4 ,,,,,,,
 1_maj , 6_sus2 0:sus4 , 1_maj , 6_sus2 0:sus4 ,,,,,,,
 1_maj , 6_sus2 0:sus4 , 1_maj , 6_sus2 0:sus4 ,,,,,,,
 0:maj , 6_maj , 6_maj 1_maj , 6_maj 1_maj ,,,,,,,
 5_min7 , 10_min , 3_min , 0:sus4 0:maj ,,,,,,,
 0:sus4(b7) , 0:sus4(b7) , 0:sus4(b7) , 0:sus4(b7) ,,,,,,,
 1_maj 1_maj/3 , 6_sus2 0:sus4 , 1_maj 1_maj/3 , 6_sus2 0:sus4 ,,,,,,,
 1_maj 1_maj/3 , 6_sus2 0:sus4 , 1_maj 1_maj/3 , 6_sus2 0:sus4 ,,,,,,,
 1_maj 1_maj/3 , 6_sus2 0:sus4 , 1_maj 1_maj/3 , 6_sus2 0:sus4 ,,,,,,,
 1_maj 1_maj/3 , 6_sus2 0:sus4 , 1_maj 1_maj/3 , 6_sus2 0:sus4 ,,,,,,,
 1_maj 1_maj/3 , 6_sus2 0:sus4 , 1_maj 1_maj/3 , 6_sus2 0:sus4 ,,,,,,,
 1_maj 1_maj/3 , 6_sus2 0:sus4 , 1_maj 1_maj/3 , 6_sus2 0:sus4 ,,,,,,,
 1_maj 1_maj/3 , 6_sus2 0:sus4 , 1_maj 1_maj/3 , 6_sus2 0:sus4 ,,,,,,,
 1_maj 1_maj/3 , 6_sus2 0:sus4 , 1_maj 1_maj/3 , 6_sus2 0:sus4 ,,,,,,,
 1_maj 1_maj/3 , 6_sus2 0:sus4 , 1_maj 1_maj/3 , 6_sus2 0:sus4 ,,,,,,,
 1_maj 1_maj/3 , 6_sus2 0:sus4 , 1_maj 1_maj/3 , 6_sus2 0:sus4 ,,,,,,,
 1_maj 1_maj/3 , 6_sus2 0:sus4 , 1_maj 1_maj/3 , 6_sus2 0:sus4 ,,,,,,,
 1_maj 1_maj/3 ,,,,,,,,,,
0,,,,,,,,,,
0,,,,,,,,,,
My Love,,,,,,,,,,
 (6/4) 5_1 ,,,,,,,,,,
 6_maj7 , 6_maj7 , 5_min7 , 10_9 ,,,,,,,
 3_min7 , 5_min7 6_maj7 , 3_9/3 ,,,,,,,,
 1_maj , 3_min7 , 6_maj7 , 1_maj ,,,,,,,
 6_maj7 , 6_maj7 , 5_min7 , 10_9 ,,,,,,,
 3_min7 , 5_min7 6_maj7 , 3_9/3 ,,,,,,,,
 1_maj , 3_min7 , 6_maj7 , 1_maj ,,,,,,,
 3_min7 . 0:7/3 0:7 , 1_maj 5_7 , 6_maj7 0:7 , 1_maj 1_7/3 ,,,,,,,
 3_min7 . 0:7/3 0:7 , 1_maj 5_7 , 6_maj7 0:7 , 1_maj ,,,,,,,
 6_maj7 , 6_maj7 , 5_min7 , 10_9 ,,,,,,,
 3_min7 , 5_min7 6_maj7 , 3_9/3 ,,,,,,,,
 1_maj , 3_min7 , 6_maj7 , 1_maj ,,,,,,,
 6_maj7 , 6_maj7 , 5_min7 , 10_9 ,,,,,,,
 3_min7 , 5_min7 6_maj7 , 3_9/3 ,,,,,,,,
 1_maj , 3_min7 , 6_maj7 , 1_maj ,,,,,,,
 3_min7 . 0:7/3 0:7 , 1_maj 5_7 , 6_maj7 0:7 , &pause ,,,,,,,
 1_maj 5_min7 , 6_maj7 0:7 , 1_maj ,,,,,,,,
0,,,,,,,,,,
0,,,,,,,,,,
My Thang,,,,,,,,,,
 6_maj , 4_maj , 4_maj , 4_maj ,,,,,,,
 4_maj , 6_maj , 0:7 ,,,,,,,,
 1_min 1_min7/b3 6_maj . , 1_min 1_min7/b3 6_maj . , 1_min 1_min7/b3 6_maj . , 1_min 1_min7/b3 6_maj . ,,,,,,,
 1_min7 , 1_min7 , 1_min7 , 1_min7 , x3,,,,,,
 1_min7 6_7/5 , 1_min7 6_7/5 , 1_min7 6_7/5 , 1_min7 6_7/5 , x2,,,,,,
 1_min7 , 1_min7 , 1_min7 , 1_min7 , x2,,,,,,
 1_min7 6_7/5 , 1_min7 6_7/5 , 1_min7 6_7/5 , 1_min7 6_7/5 , x2,,,,,,
 1_min7 , 1_min7 , 1_min7 , 1_min7 , x8,,,,,,
 1_min7 , 1_min7 ,,,,,,,,,
 1_min7 6_7/5 , 1_min7 6_7/5 , 1_min7 6_7/5 , 1_min7 6_7/5 , x2,,,,,,
 1_min7 6_7/5 , 1_min7 6_7/5 , 1_min7 6_7/5 , 1_min7 6_7/5 , x8,,,,,,
0,,,,,,,,,,
Oh Father,,,,,,,,,,
 1_maj , 1_maj , 1_maj , 1_maj ,,,,,,,
 1_maj , 1_maj , 1_maj , 1_7/b7 , &pause ,,,,,,
 11_maj , 6_maj/5 1_maj , 0:maj , 0:maj ,,,,,,,
 6_maj 0:maj/b7 , 5_min , 3_sus2 , 3_maj ,,,,,,,
 11_maj , 6_maj/5 1_maj , 0:maj , 0:maj ,,,,,,,
 6_maj 0:maj/b7 , 5_min , 3_sus2 , 3_maj ,,,,,,,
 1_maj , 0:maj ,,,,,,,,,
 6_maj , 10_min7 , 1_maj , 0:maj ,,,,,,,
 11_maj , 6_maj , 1_maj , 0:maj ,,,,,,,
 10_min , 6_maj/3 , 0:maj 1_maj/5 . . , 1_maj/5 ,,,,,,,
 11_maj , 6_maj/5 1_maj , 0:maj , 0:maj ,,,,,,,
 6_maj 0:maj/b7 , 5_min , 3_maj , 3_maj ,,,,,,,
 11_maj , 6_maj/5 1_maj , 0:maj , 0:maj ,,,,,,,
 6_maj 0:maj/b7 , 5_min , 3_maj , 3_maj ,,,,,,,
 1_maj , 0:maj ,,,,,,,,,
 6_maj , 10_min7 , 1_maj , 0:maj ,,,,,,,
 11_maj , 6_maj , 1_maj , 0:maj ,,,,,,,
 10_min , 6_maj/3 , 0:maj 1_maj/5 . . , 1_maj/5 ,,,,,,,
 11_maj , 6_maj/5 1_maj , 0:maj , 0:maj ,,,,,,,
 6_maj 0:maj/b7 , 5_min , 3_maj , 3_maj ,,,,,,,
 11_maj , 6_maj/5 1_maj , 0:maj , 0:maj ,,,,,,,
 6_maj 0:maj/b7 , 5_min , 3_maj , 3_maj ,,,,,,,
 5_min , 5_min , 3_maj , 0:maj ,,,,,,,
 3_maj , 12_min , 1_maj , 0:maj ,,,,,,,
 5_min , 5_min , 3_maj , 0:maj ,,,,,,,
 3_maj , 12_min , 1_maj , 0:maj ,,,,,,,
 5_min , 5_min , 3_maj , 0:maj ,,,,,,,
 3_maj , 12_min , 1_maj , 0:maj ,,,,,,,
 5_min , 5_min , 3_maj , 0:maj ,,,,,,,
 3_maj , 12_min , 1_maj , 0:maj ,,,,,,,
 1_maj , 0:maj ,,,,,,,,,
 6_maj , 10_min7 , 1_maj , 0:maj ,,,,,,,
 11_maj , 6_maj , 1_maj , 0:maj ,,,,,,,
 10_min , 6_maj/3 , 0:maj 1_maj/5 . . , 1_maj/5 ,,,,,,,
 11_maj , 6_maj/5 1_maj , 0:maj , 0:maj ,,,,,,,
 6_maj 0:maj/b7 , 5_min , 3_maj , 3_maj ,,,,,,,
 11_maj , 6_maj/5 1_maj , 0:maj , 0:maj ,,,,,,,
 6_maj 0:maj/b7 , 5_min , 3_maj , 3_maj ,,,,,,,
 11_maj , 6_maj/5 1_maj , 0:maj , 0:maj ,,,,,,,
 6_maj 0:maj/b7 , 5_min , 3_maj , 3_maj ,,,,,,,
 11_maj , 6_maj/5 1_maj , 0:maj , 0:maj ,,,,,,,
 6_maj 0:maj/b7 , 5_min , 3_maj , 3_maj ,,,,,,,
 11_maj , 6_maj/5 1_maj , 0:maj , 0:maj ,,,,,,,
 6_maj 0:maj/b7 , 5_min , 3_maj , 3_maj ,,,,,,,
 11_maj , 6_maj/5 1_maj , 0:maj , 0:maj ,,,,,,,
0,,,,,,,,,,
0,,,,,,,,,,
Oh Me,,,,,,,,,,
 1_maj , 6_maj , 3_min , 5_7 ,,,,,,,
 1_maj , 6_maj/5 , 5_min , 5_min , 6_maj , 3_min , 5_7 , A:7 ,,,
 1_maj , 6_maj/5 , 5_min , 5_min , 6_maj , 3_min , 5_7 , A:7 ,,,
 1_maj , 10_7 , 6_maj , 11_9 , 12_7 , 12_7 , 4_min , 9_7 , 0:7(11) , 0:7(11) , 0:7(11) 
 1_maj , 3_min , 5_min , 6_maj , 5_min , 4_dim , 3_min , 0:7 ,,,
 1_maj , 10_7 , 6_maj , 11_9 , 12_7 , 12_7 , 4_min7 , 9_7 , 0:7(11) , 0:7(11) , 0:7(11) 
 1_maj , 10_7 , 6_maj , 11_9 , 12_7 , 12_7 ,,,,,
 1_maj , 10_7 , 6_maj , 11_9 , 12_7 , 0:7 ,,,,,
 1_maj , 10_7 , 6_maj , 11_9 , 12_7 , 0:7 ,", fadeout ",,,,
0,,,,,,,,,,
0,,,,,,,,,,
Only Sixteen,,,,,,,,,,
 1_maj 10_min , 3_min 0:maj ,,,,,,,,,
 1_maj , 6_maj 0:maj , 6_maj 0:maj , 1_maj 1_maj/5 ,,,,,,,
 1_maj , 6_maj 0:maj , 6_maj 0:maj , 1_maj 1_maj/5 ,,,,,,,
 1_maj , 6_maj 0:maj , 6_maj 0:maj , 1_maj 1_maj/5 ,,,,,,,
 1_maj , 6_maj 0:maj , 6_maj 0:maj , 1_maj 1_7 ,,,,,,,
 6_maj 0:maj , 1_maj , 6_maj 0:maj , 1_maj ,,,,,,,
 6_maj 0:maj , 1_maj 10_min , 3_7 , 0:maj ,,,,,,,
 1_maj , 6_maj 0:maj , 6_maj 0:maj , 1_maj 1_maj/5 ,,,,,,,
 1_maj , 6_maj 0:maj , 6_maj 0:maj , 1_maj 1_maj/5 ,,,,,,,
 1_maj , 6_maj 0:maj , 6_maj 0:maj , 1_maj 1_maj/5 ,,,,,,,
 1_maj , 6_maj 0:maj , 6_maj 0:maj , 1_maj 1_7 ,,,,,,,
 6_maj 0:maj , 1_maj , 6_maj 0:maj , 1_maj ,,,,,,,
 6_maj 0:maj , 1_maj 10_min , 3_7 , 0:maj ,,,,,,,
 1_maj , 6_maj 0:maj , 6_maj 0:maj , 1_maj 1_maj/5 ,,,,,,,
 1_maj , 6_maj 0:maj , 6_maj 0:maj , 1_maj 1_maj/5 ,,,,,,,
 1_maj , 6_maj 0:maj , 6_maj , &pause , 0:maj , &pause ,,,,,
 1_maj , &pause , 6_maj 6_min , 1_maj , &pause ,,,,,,
0,,,,,,,,,,
0,,,,,,,,,,
Promises In The Dark,,,,,,,,,,
 1_maj , 1_maj , 1_maj , 1_maj ,,,,,,,
 1_maj , 1_maj , 6_maj , 6_maj ,,,,,,,
 1_maj , 1_maj , 6_maj , 6_maj ,,,,,,,
 6_maj , 6_maj , 10_min7 , 10_min7 ,,,,,,,
 6_maj , 6_maj , 0:maj , 0:maj ,,,,,,,
 10_min7 0:maj , 6_maj , 6_maj , 6_maj ,,,,,,,
 1_maj , 1_maj , 6_maj , 6_maj ,,,,,,,
 3_min , 3_min , 5_min7 , 5_min7 ,,,,,,,
 10_min , 5_min7 6_maj , 10_min , 5_min7 6_maj ,,,,,,,
 10_min , 5_min7 6_maj , 6_maj , 6_maj ,,,,,,,
 1_maj , 1_maj , 6_maj , 6_maj ,,,,,,,
 1_maj , 1_maj , 6_maj , 6_maj ,,,,,,,
 6_maj , 6_maj , 10_min7 , 10_min7 ,,,,,,,
 6_maj , 6_maj , 0:maj , 0:maj ,,,,,,,
 10_min7 0:maj , 6_maj , 6_maj , 6_maj ,,,,,,,
 1_maj , 1_maj , 6_maj , 6_maj ,,,,,,,
 3_min , 3_min , 5_min7 , 5_min7 ,,,,,,,
 10_min , 5_min7 6_maj , 10_min , 5_min7 6_maj ,,,,,,,
 10_min , 5_min7 6_maj , 10_min , 5_min7 6_maj ,,,,,,,
 6_maj7 , 0:maj , 3_maj , 3_maj ,,,,,,,
 6_maj , 6_maj , 0:maj , 0:maj ,,,,,,,
 6_maj7 , 0:maj , 10_min , 10_min ,,,,,,,
 10_min , 10_min , 0:maj , 6_maj , 0:maj ,,,,,,
 10_min , 5_min7 6_maj , 10_min , 5_min7 6_maj ,,,,,,,
 10_min , 5_min7 6_maj , 10_min , 5_min7 6_maj ,,,,,,,
 10_min , 5_min7 6_maj , 10_min , 5_min7 6_maj ,,,,,,,
 10_min , 5_min7 6_maj , 10_min , 5_min7 6_maj ,,,,,,,
 6_maj7 , 0:maj , 10_min , 10_min ,,,,,,,
 10_min , 10_min , 0:maj , 6_maj , 0:maj ,,,,,,
 10_min , 5_min7 6_maj , 10_min , 5_min7 6_maj ,,,,,,,
 10_min , 5_min7 6_maj , 6_maj , 6_maj ,,,,,,,
 1_maj , 1_maj , 6_maj , 6_maj ,,,,,,,
 1_maj , 1_maj , 6_maj , 6_maj ,,,,,,,
 6_maj , 6_maj , 10_min7 , 10_min7 ,,,,,,,
 6_maj , 6_maj , 0:maj , 0:maj ,,,,,,,
 10_min7 0:maj , 6_maj , 6_maj , 6_maj ,,,,,,,
 1_maj , 1_maj , 6_maj , 6_maj ,,,,,,,
 3_min , 3_min , 5_min7 , 5_min7 , 5_min7 , (2/4) 5_min7 , 5_min7 ,,,,
 10_min , 5_min7 6_maj , 10_min , 5_min7 6_maj ,,,,,,,
 10_min , 5_min7 6_maj , 10_min , 5_min7 6_maj ,,,,,,,
 10_min , 5_min7 6_maj , 10_min , 5_min7 6_maj ,,,,,,,
 10_min , 5_min7 6_maj , 10_min , 5_min7 6_maj ,,,,,,,
 10_min , 10_min ,,,,,,,,,
0,,,,,,,,,,
0,,,,,,,,,,
Promises In The Dark,,,,,,,,,,
 1_maj , 1_maj , 1_maj , 1_maj ,,,,,,,
 1_maj , 1_maj , 6_maj , 6_maj ,,,,,,,
 1_maj , 1_maj , 6_maj , 6_maj ,,,,,,,
 6_maj , 6_maj , 10_min7 , 10_min7 ,,,,,,,
 6_maj , 6_maj , 0:maj , 0:maj ,,,,,,,
 10_min7 0:maj , 6_maj , 6_maj , 6_maj ,,,,,,,
 1_maj , 1_maj , 6_maj , 6_maj ,,,,,,,
 3_min , 3_min , 5_min7 , 5_min7 ,,,,,,,
 10_min , 5_min7 6_maj , 10_min , 5_min7 6_maj ,,,,,,,
 10_min , 5_min7 6_maj , 6_maj , 6_maj ,,,,,,,
 1_maj , 1_maj , 6_maj , 6_maj ,,,,,,,
 1_maj , 1_maj , 6_maj , 6_maj ,,,,,,,
 6_maj , 6_maj , 10_min7 , 10_min7 ,,,,,,,
 6_maj , 6_maj , 0:maj , 0:maj ,,,,,,,
 10_min7 0:maj , 6_maj , 6_maj , 6_maj ,,,,,,,
 1_maj , 1_maj , 6_maj , 6_maj ,,,,,,,
 3_min , 3_min , 5_min7 , 5_min7 ,,,,,,,
 10_min , 5_min7 6_maj , 10_min , 5_min7 6_maj ,,,,,,,
 10_min , 5_min7 6_maj , 10_min , 5_min7 6_maj ,,,,,,,
 6_maj7 , 0:maj , 3_maj , 3_maj ,,,,,,,
 6_maj , 6_maj , 0:maj , 0:maj ,,,,,,,
 6_maj7 , 0:maj , 10_min , 10_min ,,,,,,,
 10_min , 10_min , 0:maj , 6_maj , 0:maj ,,,,,,
 10_min , 5_min7 6_maj , 10_min , 5_min7 6_maj ,,,,,,,
 10_min , 5_min7 6_maj , 10_min , 5_min7 6_maj ,,,,,,,
 10_min , 5_min7 6_maj , 10_min , 5_min7 6_maj ,,,,,,,
 10_min , 5_min7 6_maj , 10_min , 5_min7 6_maj ,,,,,,,
 6_maj7 , 0:maj , 10_min , 10_min ,,,,,,,
 10_min , 10_min , 0:maj , 6_maj , 0:maj ,,,,,,
 10_min , 5_min7 6_maj , 10_min , 5_min7 6_maj ,,,,,,,
 10_min , 5_min7 6_maj , 6_maj , 6_maj ,,,,,,,
 1_maj , 1_maj , 6_maj , 6_maj ,,,,,,,
 1_maj , 1_maj , 6_maj , 6_maj ,,,,,,,
 6_maj , 6_maj , 10_min7 , 10_min7 ,,,,,,,
 6_maj , 6_maj , 0:maj , 0:maj ,,,,,,,
 10_min7 0:maj , 6_maj , 6_maj , 6_maj ,,,,,,,
 1_maj , 1_maj , 6_maj , 6_maj ,,,,,,,
 3_min , 3_min , 5_min7 , 5_min7 , 5_min7 , (2/4) 5_min7 , 5_min7 ,,,,
 10_min , 5_min7 6_maj , 10_min , 5_min7 6_maj ,,,,,,,
 10_min , 5_min7 6_maj , 10_min , 5_min7 6_maj ,,,,,,,
 10_min , 5_min7 6_maj , 10_min , 5_min7 6_maj ,,,,,,,
 10_min , 5_min7 6_maj , 10_min , 5_min7 6_maj ,,,,,,,
 10_min , 10_min ,,,,,,,,,
0,,,,,,,,,,
0,,,,,,,,,,
0,,,,,,,,,,
Rich Girl, 10_min 1_maj/5 , 6_maj 1_maj/3 , 3_min7 0:11 ,,,,,,,
 1_maj 5_min7 , 10_min 1_maj/5 , 6_maj 1_maj/3 , (2/4) 3_min7 , ->,,,,,,
 1_maj , 1_maj ,,,,,,,,,
 6_maj7 , 3_min7 , 1_maj/5 , 3_min7 5_min7 10_min . ,,,,,,,
 6_maj7 , 3_min7 , 3_min7 , 0:11 ,,,,,,,
 1_maj 5_min7 , 10_min 1_maj/5 , 6_maj 1_maj/3 , 3_min7 0:11 ,,,,,,,
 1_maj 5_min7 , 10_min 1_maj/5 , 6_maj 1_maj/3 , 3_min7 1_maj ,,,,,,,
 6_maj7 , 3_min7 , 1_maj/5 , 3_min7 5_min7 10_min . ,,,,,,,
 6_maj7 , 3_min7 , 3_min7 , 0:11 ,,,,,,,
 1_maj 5_min7 , 10_min 1_maj/5 , 6_maj 1_maj/3 , 3_min7 0:11 ,,,,,,,
 1_maj 5_min7 , 10_min 1_maj/5 , 6_maj 1_maj/3 , 3_min7 . 10_min 1_maj/5 ,,,,,,,
 6_maj7 1_maj/3 , 3_min7 1_maj ,,,,,,,,,
 6_maj7 1_maj/3 , 3_min7 0:11 ,,,,,,,,,
 1_maj 5_min7 , 10_min 1_maj/5 , 6_maj 1_maj/3 , 3_min7 0:11 ,,,,,,,
0,,,,,,,,,,
0,,,,,,,,,,
0,,,,,,,,,,
Shape Of Things To Come, 1_min , 1_min , 1_min , &pause ,,,,,,
 1_1 , 4_1 , 6_1 , 0:1 ,,,,,,,
 1_min , 4_maj , 6_maj , 9_maj ,,,,,,,
 1_min , 4_maj , 6_maj , 0:maj ,,,,,,,
 1_min , 0:min , 1_min , 6_maj ,,,,,,,
 1_min 4_maj , 6_maj/3 9_maj , 1_min , 1_min 0:maj . . ,,,,,,,
 1_min , 4_maj , 6_maj , 9_maj ,,,,,,,
 1_min , 4_maj , 6_maj , 0:maj ,,,,,,,
 1_min , 0:min , 1_min , 6_maj ,,,,,,,
 1_min 4_maj , 6_maj/3 9_maj , 1_min , 1_min ,,,,,,,
 11_maj , 11_maj , 4_maj , 4_maj ,,,,,,,
 6_maj , 6_maj , 0:maj , 0:maj ,,,,,,,
 1_min , 4_maj , 6_maj , 9_maj ,,,,,,,
 1_min , 4_maj , 6_maj , 0:maj ,,,,,,,
 1_min , 0:min , 1_min , 6_maj ,,,,,,,
 1_min 4_maj , 6_maj/3 9_maj , 1_min 4_maj , 6_maj/3 9_maj ,,,,,,,
 1_min 4_maj , 6_maj/3 9_maj , 1_min 4_maj , 6_maj/3 9_maj ,,,,,,,
 1_min ,,,,,,,,,,
0,,,,,,,,,,
0,,,,,,,,,,
0,,,,,,,,,,
Silver Threads And Golden Needles, 6_maj 0:maj , 6_maj 0:maj , 1_maj , 1_maj ,,,,,,
 1_maj , 1_maj , 6_maj , 6_maj ,,,,,,,
 6_maj , 1_maj , 1_maj , 11_maj , 0:maj ,,,,,,
 1_maj , 1_maj , 6_maj , 6_maj ,,,,,,,
 6_maj , 1_maj , 0:maj , 11_maj , 1_maj ,,,,,,
 6_maj , 6_maj , 1_maj , 1_maj ,,,,,,,
 1_maj/5 0:maj , 10_min/b7 1_maj/5 , 6_maj/9 1_maj/5 , 11_maj . . 11_maj/7 , 0:7 ,,,,,,
 1_maj , 1_maj , 6_maj , 6_7 ,,,,,,,
 6_maj , 1_maj , 0:maj , 1_maj , 1_maj ,,,,,,
 1_maj , 6_maj , 11_maj 6_maj/3 , 0:7 ,,,,,,,
 1_maj , 1_maj , 6_maj , 6_7 ,,,,,,,
 6_maj , 1_maj , 1_maj , (5/4) 11_maj6 ,,,,,,,
 1_maj 0:maj , 6_maj 0:maj , 6_maj 0:maj , 1_maj , 1_maj ,,,,,,
 6_maj . . 6_maj(9)/3 , 6_maj(9)/3 0:maj , 1_maj13 , 1_maj13 , 1_maj13 , 1_maj13 ,,,,,
 10_min , 10_min , 10_min , 10_min ,,,,,,,
 10_min , 10_min , 5_maj/5 , 5_7(#9) ,,,,,,,
 10_min , 10_min , 10_min , 10_min ,,,,,,,
 4_maj , 4_maj , 4_maj , 4_maj ,,,,,,,
 10_min , 10_min , 10_min , 10_min ,,,,,,,
 10_min , 10_min , 10_min , 10_min ,,,,,,,
 10_min/5 , 10_min/5 , 6_maj7 , 6_maj7 ,,,,,,,
 11_maj , 11_sus4 , 0:7 ,,,,,,,,
 1_maj , 1_maj , 6_maj , 6_maj ,,,,,,,
 6_maj , 1_maj , 0:maj , 1_maj 1_7 ,,,,,,,
 6_maj , 1_maj , 0:maj ,,,,,,,,
 1_maj , 1_maj , 6_maj , 6_maj ,,,,,,,
 1_maj , 1_maj , 6_maj , 6_maj ,,,,,,,
 1_maj 0:maj , 6_maj 0:maj , 6_maj 0:maj , (6/4) 0:maj ,,,,,,,
 1_maj ,,,,,,,,,,
0,,,,,,,,,,
0,,,,,,,,,,
0,,,,,,,,,,
Still Cruisin, N , N , N ,,,,,,,
 N , N , N , 1_maj ,,,,,,,
 1_maj 10_min , 1_maj 10_min , 1_maj 10_min , 1_maj 10_min ,,,,,,,
 3_min 0:maj , 3_min 0:maj , N , 1_maj ,,,,,,,
 1_maj , 1_maj/3 , 1_maj , 1_maj/3 ,,,,,,,
 3_min7(11) , 0:maj(11) , 3_min7(11) , 0:maj(11) ,,,,,,,
 N , N ,,,,,,,,,
 1_maj , 1_maj/3 , 1_maj , 1_maj/3 ,,,,,,,
 3_min7(11) , 0:maj(11) , 3_min7(11) , 0:maj(11) ,,,,,,,
 6_maj , 6_maj ,,,,,,,,,
 1_maj 10_min , 1_maj 10_min ,,,,,,,,,
 6_maj , 6_maj ,,,,,,,,,
 N , N , N , N ,,,,,,,
 1_maj 10_min , 1_maj 10_min , 1_maj 10_min , 1_maj 10_min ,,,,,,,
 3_min 0:maj , 3_min 0:maj , N , 1_maj ,,,,,,,
 1_maj , 1_maj/3 , 1_maj , 1_maj/3 ,,,,,,,
 3_min7(11) , 0:maj(11) , 3_min7(11) , 0:maj(11) ,,,,,,,
 N , N ,,,,,,,,,
 1_maj , 1_maj/3 , 1_maj , 1_maj/3 ,,,,,,,
 3_min7(11) , 0:maj(11) , 3_min7(11) , 0:maj(11) ,,,,,,,
 6_maj , 6_maj ,,,,,,,,,
 1_maj 10_min , 1_maj 10_min ,,,,,,,,,
 6_maj , 6_maj ,,,,,,,,,
 N , N , N , N ,,,,,,,
 1_maj 10_min , 1_maj 10_min , 1_maj 10_min , 1_maj 10_min ,,,,,,,
 3_min 0:maj , 3_min 0:maj , 1_maj , 1_maj ,,,,,,,
 1_maj 10_min , 1_maj 10_min , 1_maj 10_min , 1_maj 10_min ,,,,,,,
 3_min 0:maj , 3_min 0:maj , N , 1_maj ,,,,,,,
 1_maj 10_min , 1_maj 10_min , 1_maj 10_min , 1_maj 10_min ,,,,,,,
 3_min 0:maj , 3_min 0:maj ,,,,,,,,,
0,,,,,,,,,,
0,,,,,,,,,,
0,,,,,,,,,,
"Tarzan Boy (From ""Teenage Mutant Ninja Turtles III"")",,,,,,,,,,
 1_maj . . 0:maj , 10_min , 6_maj . . 0:maj , 1_maj ,,,,,,,
 1_maj . . 0:maj , 10_min , 6_maj . . 0:maj , 1_maj ,,,,,,,
 1_maj . . 0:maj , 10_min , 6_maj . . 0:maj , 1_maj ,,,,,,,
 1_maj . . 0:maj , 10_min , 6_maj . . 0:maj , 1_maj ,,,,,,,
 10_min 6_maj , 0:maj , 10_min 6_maj , 0:maj ,,,,,,,
 10_min 6_maj , 0:maj 9_dim7 , 10_min 0:maj/3 , 1_maj ,,,,,,,
 10_min 6_maj , 0:maj , 10_min 6_maj , 0:maj ,,,,,,,
 10_min 6_maj , 0:maj 9_dim7 , 10_min 0:maj/3 , 1_maj ,,,,,,,
 1_maj . . 0:maj , 10_min , 6_maj . . 0:maj , 1_maj ,,,,,,,
 1_maj . . 0:maj , 10_min , 6_maj . . 0:maj , 1_maj ,,,,,,,
 1_maj . . 0:maj , 10_min , 6_maj . . 0:maj , 1_maj ,,,,,,,
 1_maj . . 0:maj , 10_min , 6_maj . . 0:maj , 1_maj ,,,,,,,
 6_maj , 0:maj , 6_maj , 0:maj ,,,,,,,
 6_maj , 0:maj , 10_min , 10_min ,,,,,,,
 1_maj . . 0:maj , 10_min , 6_maj . . 0:maj , 1_maj ,,,,,,,
 1_maj . . 0:maj , 10_min , 6_maj . . 0:maj , 1_maj ,,,,,,,
 10_min 6_maj , 0:maj , 10_min 6_maj , 0:maj ,,,,,,,
 10_min 6_maj , 0:maj 9_dim7 , 10_min 0:maj/3 , 1_maj ,,,,,,,
 10_min 6_maj , 0:maj , 10_min 6_maj , 0:maj ,,,,,,,
 10_min 6_maj , 0:maj 9_dim7 , 10_min 0:maj/3 , 1_maj ,,,,,,,
 6_maj , 0:maj , 6_maj , 0:maj ,,,,,,,
 6_maj , 0:maj , 10_min , 10_min ,,,,,,,
 1_maj . . 0:maj , 10_min , 6_maj . . 0:maj , 1_maj ,,,,,,,
 1_maj . . 0:maj , 10_min , 6_maj . . 0:maj , 1_maj ,,,,,,,
 1_maj . . 0:maj , 10_min , 6_maj . . 0:maj , 1_maj ,,,,,,,
 1_maj . . 0:maj , 10_min , 6_maj . . 0:maj , 1_maj ,,,,,,,
0,,,,,,,,,,
0,,,,,,,,,,
0,,,,,,,,,,
"Tarzan Boy (From ""Teenage Mutant Ninja Turtles III"")",,,,,,,,,,
 1_maj . . 0:maj , 10_min , 6_maj . . 0:maj , 1_maj ,,,,,,,
 1_maj . . 0:maj , 10_min , 6_maj . . 0:maj , 1_maj ,,,,,,,
 1_maj . . 0:maj , 10_min , 6_maj . . 0:maj , 1_maj ,,,,,,,
 1_maj . . 0:maj , 10_min , 6_maj . . 0:maj , 1_maj ,,,,,,,
 10_min 6_maj , 0:maj , 10_min 6_maj , 0:maj ,,,,,,,
 10_min 6_maj , 0:maj 9_dim7 , 10_min 0:maj/3 , 1_maj ,,,,,,,
 10_min 6_maj , 0:maj , 10_min 6_maj , 0:maj ,,,,,,,
 10_min 6_maj , 0:maj 9_dim7 , 10_min 0:maj/3 , 1_maj ,,,,,,,
 1_maj . . 0:maj , 10_min , 6_maj . . 0:maj , 1_maj ,,,,,,,
 1_maj . . 0:maj , 10_min , 6_maj . . 0:maj , 1_maj ,,,,,,,
 1_maj . . 0:maj , 10_min , 6_maj . . 0:maj , 1_maj ,,,,,,,
 1_maj . . 0:maj , 10_min , 6_maj . . 0:maj , 1_maj ,,,,,,,
 6_maj , 0:maj , 6_maj , 0:maj ,,,,,,,
 6_maj , 0:maj , 10_min , 10_min ,,,,,,,
 1_maj . . 0:maj , 10_min , 6_maj . . 0:maj , 1_maj ,,,,,,,
 1_maj . . 0:maj , 10_min , 6_maj . . 0:maj , 1_maj ,,,,,,,
 10_min 6_maj , 0:maj , 10_min 6_maj , 0:maj ,,,,,,,
 10_min 6_maj , 0:maj 9_dim7 , 10_min 0:maj/3 , 1_maj ,,,,,,,
 10_min 6_maj , 0:maj , 10_min 6_maj , 0:maj ,,,,,,,
 10_min 6_maj , 0:maj 9_dim7 , 10_min 0:maj/3 , 1_maj ,,,,,,,
 6_maj , 0:maj , 6_maj , 0:maj ,,,,,,,
 6_maj , 0:maj , 10_min , 10_min ,,,,,,,
 1_maj . . 0:maj , 10_min , 6_maj . . 0:maj , 1_maj ,,,,,,,
 1_maj . . 0:maj , 10_min , 6_maj . . 0:maj , 1_maj ,,,,,,,
 1_maj . . 0:maj , 10_min , 6_maj . . 0:maj , 1_maj ,,,,,,,
 1_maj . . 0:maj , 10_min , 6_maj . . 0:maj , 1_maj ,,,,,,,
0,,,,,,,,,,
0,,,,,,,,,,
0,,,,,,,,,,
The Best, 1_maj , 1_1 , 1_1 ,,,,,,,
 1_maj , 1_maj , 1_maj 1_maj6 , 1_maj7 1_maj ,,,,,,,
 1_maj , 1_maj , 1_maj 1_maj6 , 1_maj7 1_maj ,,,,,,,
 10_min9 , 10_min9 , 6_maj , 6_maj(9) ,,,,,,,
 1_maj , 1_maj , 1_maj 1_maj6 , 1_maj7 1_maj ,,,,,,,
 1_maj , 1_maj , 1_maj 1_maj6 , 1_maj7 1_maj ,,,,,,,
 10_min9 , 10_min9 , 6_maj , 0:7 ,,,,,,,
 1_maj . . 1_maj(9) , 1_sus4 1_maj , 1_maj . . 1_maj(9) , 1_sus4 1_maj ,,,,,,,
 10_min7 . . 10_min11 , 6_maj(9)/3 10_min7 , 0:maj , 0:maj ,,,,,,,
 1_maj . . 1_maj(9) , 1_sus4 1_maj , 1_maj . . 1_maj(9) , 1_sus4 1_maj ,,,,,,,
 10_min7 . . 10_min11 , 6_maj(9)/3 10_min7 , 0:maj , 0:maj ,,,,,,,
 1_maj , 1_maj , 1_maj 1_maj6 , 1_maj7 1_maj ,,,,,,,
 1_maj , 1_maj , 1_maj 1_maj6 , 1_maj7 1_maj ,,,,,,,
 10_min9 , 10_min9 , 6_maj , 0:7 ,,,,,,,
 1_maj . . 1_maj(9) , 1_sus4 1_maj , 1_maj . . 1_maj(9) , 1_sus4 1_maj ,,,,,,,
 10_min7 . . 10_min11 , 6_maj(9)/3 10_min7 , 0:maj , 0:maj ,,,,,,,
 1_maj . . 1_maj(9) , 1_sus4 1_maj , 1_maj . . 1_maj(9) , 1_sus4 1_maj ,,,,,,,
 10_min7 . . 10_min11 , 6_maj(9)/3 10_min7 , 0:maj , 0:maj ,,,,,,,
0,,,,,,,,,,
The Joker , 6_maj , 0:maj , 6_maj ,,,,,,,
 1_maj , 6_maj , 0:maj , 6_maj ,,,,,,,
 1_maj , 6_maj , 0:maj , 6_maj ,,,,,,,
 1_maj , 6_maj , 0:maj , 6_maj ,,,,,,,
 1_maj , 6_maj , 0:maj , 6_maj ,,,,,,,
 1_maj , 6_maj , 0:maj , 6_maj ,,,,,,,
 1_maj , 6_maj , 0:maj , 6_maj ,,,,,,,
 1_maj , 6_maj , 0:maj , 6_maj ,,,,,,,
 1_maj , 6_maj , 1_maj , 6_maj ,,,,,,,
 1_maj , 6_maj , 0:maj , 6_maj ,,,,,,,
 1_maj , 6_maj , 1_maj , 6_maj ,,,,,,,
 1_maj , 6_maj , 0:maj , 0:sus4 , 0:sus4 , 0:sus4 ,,,,,
 1_maj , 6_maj , 0:maj , 6_maj ,,,,,,,
 1_maj , 6_maj , 0:maj , 6_maj ,,,,,,,
 1_maj , 6_maj , 0:maj , 6_maj ,,,,,,,
 1_maj , 6_maj , 0:maj , 6_maj ,,,,,,,
 1_maj , 6_maj , 0:maj , 6_maj ,,,,,,,
 1_maj , 6_maj , 0:maj , 6_maj ,,,,,,,
 1_maj , 6_maj , 0:maj , 6_maj ,,,,,,,
 1_maj , 6_maj , 0:maj , 6_maj ,,,,,,,
 1_maj , 6_maj , 1_maj , 6_maj ,,,,,,,
 1_maj , 6_maj , 0:maj , 6_maj ,,,,,,,
 1_maj , 6_maj , 1_maj , 6_maj ,,,,,,,
 1_maj , 6_maj , 0:maj , 6_maj ,,,,,,,
 1_maj , 6_maj , 1_maj , 6_maj ,,,,,,,
 1_maj , 6_maj , 0:maj , 6_maj ,,,,,,,
 1_maj , 6_maj , 1_maj , 6_maj ,,,,,,,
 1_maj , 6_maj , 0:maj , 0:sus4 , 0:sus4 , 0:sus4 ,,,,,
 1_maj , 6_maj , 0:maj , 6_maj ,,,,,,,
 1_maj , 6_maj , 0:maj , 6_maj ,,,,,,,
 1_maj , 6_maj , 0:maj , 6_maj ,,,,,,,
 1_maj , 6_maj , 0:maj , 6_maj ,,,,,,,
 1_maj , 6_maj , 0:maj , 6_maj ,,,,,,,
 1_maj , 6_maj , 0:maj , 6_maj ,,,,,,,
 1_maj , 6_maj , 0:maj , 6_maj ,,,,,,,
 1_maj , 6_maj , 0:maj , 6_maj ,,,,,,,
0,,,,,,,,,,
0,,,,,,,,,,
0,,,,,,,,,,
The Joker , 6_maj , 0:maj , 6_maj ,,,,,,,
 1_maj , 6_maj , 0:maj , 6_maj ,,,,,,,
 1_maj , 6_maj , 0:maj , 6_maj ,,,,,,,
 1_maj , 6_maj , 0:maj , 6_maj ,,,,,,,
 1_maj , 6_maj , 0:maj , 6_maj ,,,,,,,
 1_maj , 6_maj , 0:maj , 6_maj ,,,,,,,
 1_maj , 6_maj , 0:maj , 6_maj ,,,,,,,
 1_maj , 6_maj , 0:maj , 6_maj ,,,,,,,
 1_maj , 6_maj , 1_maj , 6_maj ,,,,,,,
 1_maj , 6_maj , 0:maj , 6_maj ,,,,,,,
 1_maj , 6_maj , 1_maj , 6_maj ,,,,,,,
 1_maj , 6_maj , 0:maj , 0:sus4 , 0:sus4 , 0:sus4 ,,,,,
 1_maj , 6_maj , 0:maj , 6_maj ,,,,,,,
 1_maj , 6_maj , 0:maj , 6_maj ,,,,,,,
 1_maj , 6_maj , 0:maj , 6_maj ,,,,,,,
 1_maj , 6_maj , 0:maj , 6_maj ,,,,,,,
 1_maj , 6_maj , 0:maj , 6_maj ,,,,,,,
 1_maj , 6_maj , 0:maj , 6_maj ,,,,,,,
 1_maj , 6_maj , 0:maj , 6_maj ,,,,,,,
 1_maj , 6_maj , 0:maj , 6_maj ,,,,,,,
 1_maj , 6_maj , 1_maj , 6_maj ,,,,,,,
 1_maj , 6_maj , 0:maj , 6_maj ,,,,,,,
 1_maj , 6_maj , 1_maj , 6_maj ,,,,,,,
 1_maj , 6_maj , 0:maj , 6_maj ,,,,,,,
 1_maj , 6_maj , 1_maj , 6_maj ,,,,,,,
 1_maj , 6_maj , 0:maj , 6_maj ,,,,,,,
 1_maj , 6_maj , 1_maj , 6_maj ,,,,,,,
 1_maj , 6_maj , 0:maj , 0:sus4 , 0:sus4 , 0:sus4 ,,,,,
 1_maj , 6_maj , 0:maj , 6_maj ,,,,,,,
 1_maj , 6_maj , 0:maj , 6_maj ,,,,,,,
 1_maj , 6_maj , 0:maj , 6_maj ,,,,,,,
 1_maj , 6_maj , 0:maj , 6_maj ,,,,,,,
 1_maj , 6_maj , 0:maj , 6_maj ,,,,,,,
 1_maj , 6_maj , 0:maj , 6_maj ,,,,,,,
 1_maj , 6_maj , 0:maj , 6_maj ,,,,,,,
 1_maj , 6_maj , 0:maj , 6_maj ,,,,,,,
0,,,,,,,,,,
0,,,,,,,,,,
0,,,,,,,,,,
The Other Guy, 1_maj 10_min , 1_maj 10_min , 1_maj 10_min ,,,,,,,
 1_maj 10_min , 1_maj 10_min , 1_maj 10_min , 1_maj 10_min ,,,,,,,
 6_maj , 6_maj , 1_maj 10_min , 1_maj 10_min ,,,,,,,
 0:maj , 6_maj , 1_maj 10_min , 1_maj 10_min ,,,,,,,
 6_maj , 6_maj , 1_maj , 1_maj ,,,,,,,
 6_maj , 6_maj , 0:maj , 0:maj ,,,,,,,
 1_maj 10_min , 1_maj 10_min , 1_maj 10_min , 1_maj 10_min ,,,,,,,
 6_maj , 6_maj , 1_maj 10_min , 1_maj 10_min ,,,,,,,
 0:maj , 6_maj , 1_maj 10_min , 1_maj 10_min ,,,,,,,
 6_maj , 6_maj , 1_maj , 1_maj ,,,,,,,
 6_maj , 6_maj , 0:maj , 0:maj ,,,,,,,
 6_maj , 6_maj , 1_maj , 1_maj ,,,,,,,
 3_7 , 3_7 , 0:7 , 0:7 ,,,,,,,
 6_maj , 6_maj , 1_maj , 1_maj ,,,,,,,
 6_maj , 6_maj , 0:maj , 0:maj ,,,,,,,
 6_maj , 6_maj , 1_maj , 1_maj ,,,,,,,
 6_maj , 6_maj , 0:maj , 0:maj ,,,,,,,
 6_maj , 6_maj , 1_maj , 1_maj ,,,,,,,
 6_maj , 6_maj , 0:maj , 0:maj ,,,,,,,
0,,,,,,,,,,
0,,,,,,,,,,
 7_7 , 5_7 , 7_7 , 5_7 ,,,,,,,
 12_7 , 12_7 , 1_7 , 1_7 ,,,,,,,
 1_7 , 1_7 , 1_7 , 1_7 ,,,,,,,
 1_7 , 1_7 , 1_7 , 1_7 0:7 . . ,,,,,,,
 0:7 , 6_7 , 0:7 , 6_7 ,,,,,,,
 1_7 , 1_7 , 1_7 , 1_7 ,,,,,,,
 1_7 , 1_7 . 4_maj 6_maj , 1_7 , 1_7 . 4_maj 6_maj ,,,,,,,
 1_7 , 1_7 . 4_maj 6_maj , 1_7 , 1_7 . 4_maj 6_maj ,,,,,,,
 1_7 , 1_7 . 4_maj 6_maj , 1_7 , 1_7 . 4_maj 6_maj ,,,,,,,
0,,,,,,,,,,
0,,,,,,,,,,
0,,,,,,,,,,
Theme From The Dukes Of Hazzard, 0:7 , 1_maj , 1_maj ,,,,,,,
 1_maj , 1_maj , 6_7 , 6_7 ,,,,,,,
 1_maj , (6/4) 0:7 , 1_maj , 1_maj ,,,,,,,
 1_maj , 1_maj , 6_7 , 6_7 ,,,,,,,
 1_maj , 0:7 , 1_maj , 1_maj ,,,,,,,
 0:7 , 0:7 , 0:7 , 0:7 ,,,,,,,
 0:7 , 0:7 , 1_maj , 1_maj ,,,,,,,
 1_maj , 1_maj , 6_7 , 6_7 ,,,,,,,
 1_maj , 0:7 , 1_maj , 1_maj ,,,,,,,
 1_maj , 1_maj , 6_7 , 6_7 ,,,,,,,
 1_maj , 0:7 , 1_maj , 1_maj ,,,,,,,
 0:7 , 0:7 , 0:7 , 0:7 ,,,,,,,
 0:7 , 0:7 , 1_maj , 1_maj ,,,,,,,
 1_maj , 1_maj , 6_7 , 6_7 ,,,,,,,
 1_maj , 0:7 , 1_maj , 1_maj ,,,,,,,
 1_maj , 1_maj , 6_7 , 6_7 ,,,,,,,
 1_maj , 0:7 , 1_maj , 1_maj ,,,,,,,
 1_maj , 1_maj , 6_7 , 6_7 ,,,,,,,
 1_maj , 0:7 , 1_maj , 1_maj ,,,,,,,
0,,,,,,,,,,
0,,,,,,,,,,
0,,,,,,,,,,
Time Is On My Side, 10_min ,,,,,,,,,
 3_7 , 0:7 ,,,,,,,,,
 1_maj , 6_maj 0:maj ,,,,,,,,,
 1_maj , 6_maj 0:maj ,,,,,,,,,
 10_min 0:maj , 10_min 3_7 ,,,,,,,,,
 0:maj 6_maj , 0:maj 6_maj ,,,,,,,,,
 0:maj 6_maj , 0:maj 0:7 ,,,,,,,,,
 1_maj , 6_maj 0:maj ,,,,,,,,,
 1_maj , 6_maj 0:maj ,,,,,,,,,
 10_min 0:maj , 10_min 3_7 ,,,,,,,,,
 0:maj 6_maj , 0:maj 6_maj ,,,,,,,,,
 0:maj 6_maj , 0:maj 0:7 ,,,,,,,,,
 6_maj , 1_maj ,,,,,,,,,
 6_maj , 1_maj ,,,,,,,,,
 6_maj , 10_min ,,,,,,,,,
 3_7 , 0:7 , ,,,,,,,,
 1_maj , 6_maj 0:maj ,,,,,,,,,
 1_maj , 6_maj 0:maj ,,,,,,,,,
 10_min 0:maj , 10_min 3_7 ,,,,,,,,,
 0:maj 6_maj , 0:maj 6_maj ,,,,,,,,,
 0:maj 6_maj , 0:maj 0:7 ,,,,,,,,,
 1_maj , 6_maj 0:maj ,,,,,,,,,
 1_maj , 6_maj 0:maj ,,,,,,,,,
 1_maj , 6_maj 0:maj ,,,,,,,,,
 1_maj ,,,,,,,,,,
0,,,,,,,,,,
0,,,,,,,,,,
0,,,,,,,,,,
Time Is On My Side, 10_min ,,,,,,,,,
 3_7 , 0:7 ,,,,,,,,,
 1_maj , 6_maj 0:maj ,,,,,,,,,
 1_maj , 6_maj 0:maj ,,,,,,,,,
 10_min 0:maj , 10_min 3_7 ,,,,,,,,,
 0:maj 6_maj , 0:maj 6_maj ,,,,,,,,,
 0:maj 6_maj , 0:maj 0:7 ,,,,,,,,,
 1_maj , 6_maj 0:maj ,,,,,,,,,
 1_maj , 6_maj 0:maj ,,,,,,,,,
 10_min 0:maj , 10_min 3_7 ,,,,,,,,,
 0:maj 6_maj , 0:maj 6_maj ,,,,,,,,,
 0:maj 6_maj , 0:maj 0:7 ,,,,,,,,,
 6_maj , 1_maj ,,,,,,,,,
 6_maj , 1_maj ,,,,,,,,,
 6_maj , 10_min ,,,,,,,,,
 3_7 , 0:7 , ,,,,,,,,
 1_maj , 6_maj 0:maj ,,,,,,,,,
 1_maj , 6_maj 0:maj ,,,,,,,,,
 10_min 0:maj , 10_min 3_7 ,,,,,,,,,
 0:maj 6_maj , 0:maj 6_maj ,,,,,,,,,
 0:maj 6_maj , 0:maj 0:7 ,,,,,,,,,
 1_maj , 6_maj 0:maj ,,,,,,,,,
 1_maj , 6_maj 0:maj ,,,,,,,,,
 1_maj , 6_maj 0:maj ,,,,,,,,,
 1_maj ,,,,,,,,,,
0,,,,,,,,,,
0,,,,,,,,,,
0,,,,,,,,,,
Time Is On My Side, 10_min ,,,,,,,,,
 3_7 , 0:7 ,,,,,,,,,
 1_maj , 6_maj 0:maj ,,,,,,,,,
 1_maj , 6_maj 0:maj ,,,,,,,,,
 10_min 0:maj , 10_min 3_7 ,,,,,,,,,
 0:maj 6_maj , 0:maj 6_maj ,,,,,,,,,
 0:maj 6_maj , 0:maj 0:7 ,,,,,,,,,
 1_maj , 6_maj 0:maj ,,,,,,,,,
 1_maj , 6_maj 0:maj ,,,,,,,,,
 10_min 0:maj , 10_min 3_7 ,,,,,,,,,
 0:maj 6_maj , 0:maj 6_maj ,,,,,,,,,
 0:maj 6_maj , 0:maj 0:7 ,,,,,,,,,
 6_maj , 1_maj ,,,,,,,,,
 6_maj , 1_maj ,,,,,,,,,
 6_maj , 10_min ,,,,,,,,,
 3_7 , 0:7 , ,,,,,,,,
 1_maj , 6_maj 0:maj ,,,,,,,,,
 1_maj , 6_maj 0:maj ,,,,,,,,,
 10_min 0:maj , 10_min 3_7 ,,,,,,,,,
 0:maj 6_maj , 0:maj 6_maj ,,,,,,,,,
 0:maj 6_maj , 0:maj 0:7 ,,,,,,,,,
 1_maj , 6_maj 0:maj ,,,,,,,,,
 1_maj , 6_maj 0:maj ,,,,,,,,,
 1_maj , 6_maj 0:maj ,,,,,,,,,
 1_maj ,,,,,,,,,,
0,,,,,,,,,,
0,,,,,,,,,,
0,,,,,,,,,,
Unforgettable, 10_min7 3_7 , 0:maj 5_7 , 10_min7 3_9 ,,,,,,,
 0:maj7 . . 7_aug , 0:maj , 11_dim , 11_dim ,,,,,,,
 1_maj7 , 1_maj7 , 10_7 10_sus4(b7)/9 , 10_hdim7/b3 10_7/3 ,,,,,,,
 6_maj , 6_min , 1_maj 0:min6 , 10_7 ,,,,,,,
 3_9 , 3_9 . . 2_7 , 3_7 , 3_7 ,,,,,,,
 0:maj7 . . 7_aug , 0:maj , 11_dim , 11_dim ,,,,,,,
 1_maj7 , 1_maj7 , 10_7 10_sus4(b7)/9 , 10_hdim7/b3 10_7/3 ,,,,,,,
 6_maj , 6_min , 1_maj 0:min6 , 10_7 ,,,,,,,
 3_9 ," 0:sus4(b7,9) 0:7 ", 1_maj7 , 10_9 ,,,,,,,
 3_7 , 0:7 , 1_maj , 1_maj ,,,,,,,
0,,,,,,,,,,
0,,,,,,,,,,
0,,,,,,,,,,
Walk On The Wild Side (Part 1), N ,,,,,,,,,
 1_1 , 1_1 , 1_1 , 1_1 ,,,,,,,
 1_7 , 1_7 ,,,,,,,,,
 1_7 , 1_7 ,,,,,,,,,
 1_7 , 1_7 , 1_7 , 1_7 ,,,,,,,
 0:7 , 1_7 , 0:7 , 1_7 ,,,,,,,
 1_7 1_maj/3 , 6_maj9 6_maj6 , 1_7 1_maj/3 , 6_maj9 6_maj6 ,,,,,,,
 0:7 , 1_7 , 0:7 , 1_7 ,,,,,,,
 6_7 , 1_7 , 6_7 , 1_7 ,,,,,,,
 6_7 , 1_7 , 6_7 , 1_7 ,,,,,,,
 0:7 , 1_7 ,,,,,,,,,
 1_7 1_maj/3 , 6_maj9 6_maj6 , 1_7 1_maj/3 , 6_maj9 6_maj6 ,,,,,,,
 0:7 , 1_7 , 0:7 , 1_7 ,,,,,,,
 N , N ,,,,,,,,,
 1_7 , 1_7 , 6_7 , 1_7 , 0:7 6_7 , 1_7 ,,,,,
 1_7 , 1_7 , 6_7 , 1_7 , 0:7 6_7 , 1_7 ,,,,,
 1_7 , 1_7 , 6_7 , 1_7 , 0:7 6_7 , 1_7 ,,,,,
 1_7 , 1_7 , 6_7 , 1_7 , 0:7 6_7 , 1_7 ,,,,,
 1_7 , 1_7 , 6_7 , 1_7 , 0:7 6_7 , 1_7 ,,,,,
 1_7 , 0:7 , 6_7 , 1_7 , 0:7 6_7 , 1_7 ,,,,,
 1_7 , 1_7 , 6_7 , 1_7 , 0:7 6_7 , 1_7 ,,,,,
 1_7 , 1_7 , 6_7 , 1_7 , 0:7 6_7 , 1_7 ,,,,,
 1_7 1_maj/3 , 6_maj9 6_maj6 , 1_7 1_maj/3 , 6_maj9 6_maj6 ,,,,,,,
 0:7 , 1_7 , 0:7 ,,,,,,,,
 1_7 , 1_7 , 1_7 , 1_7 ,,,,,,,
 1_7 , 1_7 , 1_7 ,,,,,,,,
0,,,,,,,,,,
0,,,,,,,,,,
0,,,,,,,,,,
We Are The Champions, 0:min 3_sus4(b7)/11 ,,,,,,,,,
 0:min 3_sus4(b7)/11 , 0:min 3_sus4(b7)/11 ,,,,,,,,,
 11_maj 6_sus4(b7)/11 , 11_maj 6_sus4(b7)/11 ,,,,,,,,,
 11_maj 6_maj/3 0:min 1_7 , (2/4) 6_maj , 6_sus4(b7) 6_7(#11) 6_7 0:7 ,,,,,,,,
 1_maj 5_min7 , 10_maj . 6_5 0:5 ,,,,,,,,,
 1_maj 5_min7 , 6_maj 10_7/3 ,,,,,,,,,
 3_min , 6_min . 5_7(b9)/5 5_7(b9)/b7 ,,,,,,,,,
 1_maj 11_maj7(#11)/3 , 4_maj6 6_maj , (2/4) 0:min7(11) ,,,,,,,,
 1_min 3_min7 , 1_min 3_min7 , 1_min 0:sus4(b7) ,,,,,,,,
 0:min 3_sus4(b7)/11 , 0:min 3_sus4(b7)/11 ,,,,,,,,,
 0:min 3_sus4(b7)/11 , 0:min 3_sus4(b7)/11 ,,,,,,,,,
 11_maj 6_sus4(b7)/11 , 11_maj 6_sus4(b7)/11 ,,,,,,,,,
 11_maj 6_maj/3 0:min 1_7 , (2/4) 6_maj , 6_sus4(b7) 6_7(#11) 6_7 0:7 ,,,,,,,,
 1_maj 5_min7 , 10_min . 6_5 0:5 ,,,,,,,,,
 1_maj 5_min7 , 6_maj 10_7/3 ,,,,,,,,,
 3_min , 6_min . 5_7(b9)/5 5_7(b9)/b7 ,,,,,,,,,
 1_maj 11_maj7(#11)/3 , 4_maj6 6_maj , (2/4) 0:min7(11) ,,,,,,,,
 1_maj 5_min7 , 10_min . 6_5 0:5 ,,,,,,,,,
 1_maj 5_min7 , 6_maj 10_7/3 ,,,,,,,,,
 3_min , 6_min . 5_7(b9)/5 5_7(b9)/b7 ,,,,,,,,,
 1_maj 11_maj7(#11)/3 , 4_maj6 6_maj , 0:min7(11) ,,,,,,,,
0,,,,,,,,,,
0,,,,,,,,,,
0,,,,,,,,,,
Wendy, 3_1 , 10_1 , 6_1 , &pause ,,,,,,
 1_maj , 3_min ,,,,,,,,,
 1_maj , 3_min , 1_maj , 6_maj ,,,,,,,
 1_maj , 6_maj , 11_maj , 5_maj ,,,,,,,
 10_min , 3_min , 10_min , 6_maj ,,,,,,,
 1_maj , 3_min 0:maj , 1_maj , 3_min ,,,,,,,
 1_maj , 3_min , 1_maj , 6_maj ,,,,,,,
 1_maj , 6_maj , 11_maj , 5_maj ,,,,,,,
 10_min , 3_min , 10_min , 6_maj ,,,,,,,
 1_maj , 3_min 0:maj , 1_maj , 11_maj ,,,,,,,
 10_min , 3_min , 10_min , 6_maj ,,,,,,,
 1_maj , 10_min , 3_min , 0:maj ,,,,,,,
 1_maj , 3_min , 1_maj , 6_maj ,,,,,,,
 1_maj , 6_maj , 11_maj , 5_maj ,,,,,,,
 10_min , 3_min , 10_min , 6_maj ,,,,,,,
 1_maj , 3_min 0:maj , 1_maj , 1_maj ,,,,,,,
 1_maj , 3_min ,,,,,,,,,
 1_maj , 3_min , 1_maj , 6_maj ,,,,,,,
 1_maj , 3_min , 1_maj , 6_maj ," x2, fadeout",,,,,,
0,,,,,,,,,,
0,,,,,,,,,,
0,,,,,,,,,,
What You See Is What You Get, 1_sus2 6_maj , 0:maj , 6_maj ,,,,,,,
 1_maj , 1_sus2 6_maj , 0:maj , 6_maj ,,,,,,,
 1_maj , 6_maj 0:maj , 1_maj , 6_maj 0:maj ,,,,,,,
 1_maj , 6_maj 0:maj , 1_maj , 6_maj 0:maj ,,,,,,,
 1_maj , 6_maj 0:maj , 1_maj , 6_maj 0:maj ,,,,,,,
 1_maj , 6_maj 0:maj , 1_maj , 6_maj 0:maj ,,,,,,,
 1_maj , 6_maj 0:maj , 1_maj , 6_maj 0:maj ,,,,,,,
 1_maj , 6_maj 0:maj , 1_maj , 6_maj 0:maj ,,,,,,,
 6_maj , 0:maj 1_maj , 6_maj , 0:maj ,,,,,,,
 6_maj , 0:maj 1_maj , 6_maj , 0:maj , 0:maj ,,,,,,
 1_maj , 3_min7 6_maj/7 , 0:maj , 6_maj . . 0:maj ,,,,,,,
 1_maj , 3_min7 6_maj/7 , 0:maj , 6_maj . . 0:maj ,,,,,,,
 1_maj , 3_min7 6_maj/7 , 0:maj , 6_maj . . 0:maj ,,,,,,,
 1_maj . 3_min7 1_maj/3 , 6_maj , 0:maj , ->,,,,,,,
 1_maj , 6_maj 0:maj , 1_maj , 6_maj 0:maj ,,,,,,,
 1_maj , 6_maj 0:maj , 1_maj , 6_maj 0:maj ,,,,,,,
 1_maj , 6_maj 0:maj , 1_maj , 6_maj 0:maj ,,,,,,,
 1_maj , 6_maj 0:maj , 1_maj , 6_maj 0:maj ,,,,,,,
 1_maj , 6_maj 0:maj , 1_maj , 6_maj 0:maj ,,,,,,,
 6_maj , 0:maj 1_maj , 6_maj , 0:maj ,,,,,,,
 6_maj , 0:maj 1_maj , 6_maj , 0:maj , 0:maj , 0:maj , 0:maj ,,,,
 1_maj , 3_min7 6_maj/7 , 0:maj , 6_maj . . 0:maj ,,,,,,,
 1_maj , 3_min7 6_maj/7 , 0:maj , 6_maj . . 0:maj ,,,,,,,
 1_maj , 3_min7 6_maj/7 , 0:maj , 6_maj . . 0:maj ,,,,,,,
 1_maj . 3_min7 1_maj/3 , 6_maj , 0:maj , ->,,,,,,,
 1_maj , 3_min7 6_maj/7 , 0:maj , 6_maj . . 0:maj ,,,,,,,
 1_maj , 3_min7 6_maj/7 , 0:maj , 6_maj . . 0:maj ,,,,,,,
 1_maj , 3_min7 6_maj/7 , 0:maj , 6_maj . . 0:maj ,,,,,,,
 6_maj , 0:maj 1_maj , 6_maj , 0:maj ,,,,,,,
 6_maj , 0:maj 1_maj , 6_maj , 0:maj , 0:maj , 0:maj , 0:maj ,,,,
 1_maj , 3_min7 6_maj/7 , 0:maj , 6_maj . . 0:maj ,,,,,,,
 1_maj , 3_min7 6_maj/7 , 0:maj , 6_maj . . 0:maj ,,,,,,,
 1_maj , 3_min7 6_maj/7 , 0:maj , 6_maj . . 0:maj ,,,,,,,
 1_maj . 3_min7 1_maj/3 , 6_maj , 0:maj , ->,,,,,,,
 1_maj , 3_min7 6_maj/7 , 0:maj , 6_maj . . 0:maj ,,,,,,,
 1_maj , 3_min7 6_maj/7 , 0:maj , 6_maj . . 0:maj ,,,,,,,
 1_maj , 3_min7 6_maj/7 , 0:maj , 6_maj . . 0:maj ,,,,,,,
 1_maj , 3_min7 6_maj/7 , 0:maj , 6_maj . . 0:maj ,,,,,,,
 1_maj , 3_min7 6_maj/7 , 0:maj , 6_maj . . 0:maj ,,,,,,,
 1_maj , 3_min7 6_maj/7 , 0:maj , 6_maj . . 0:maj ,,,,,,,
 1_maj , 3_min7 6_maj/7 , 0:maj , 6_maj . . 0:maj ,,,,,,,
 1_maj , 3_min7 6_maj/7 , 0:maj , 6_maj . . 0:maj ,,,,,,,
0,,,,,,,,,,
0,,,,,,,,,,
0,,,,,,,,,,
Wheels , 1_maj , 0:maj , 0:maj ,,,,,,,
 1_maj , 1_maj , 0:maj , 1_maj ,,,,,,,
 1_maj , 1_maj , 0:maj , 0:maj ,,,,,,,
 1_maj , 1_maj , 0:maj , 1_maj ,,,,,,,
 0:maj , 1_maj , 0:maj , 1_maj ,,,,,,,
 0:maj , 1_maj , 0:maj , 1_maj ,,,,,,,
 3_maj , 3_maj , 10_maj , 10_maj ,,,,,,,
 3_maj , 3_maj , 10_maj , 3_maj ,,,,,,,
 3_maj , 3_maj , 10_maj , 10_maj ,,,,,,,
 3_maj , 3_maj , 10_maj , 3_maj ,,,,,,,
 10_maj , 3_maj , 10_maj , 3_maj ,,,,,,,
 10_maj , 3_maj , 10_maj , 3_maj ,,,,,,,
 3_maj , 3_maj , 10_maj , 10_maj ,,,,,,,
 3_maj , 3_maj , 10_maj , 3_maj ,,,,,,,
 10_maj , 3_maj , 10_maj , 3_maj ,,,,,,,
0,,,,,,,,,,
0,,,,,,,,,,
0,,,,,,,,,,
Wheels , 1_maj , 0:maj , 0:maj ,,,,,,,
 1_maj , 1_maj , 0:maj , 1_maj ,,,,,,,
 1_maj , 1_maj , 0:maj , 0:maj ,,,,,,,
 1_maj , 1_maj , 0:maj , 1_maj ,,,,,,,
 0:maj , 1_maj , 0:maj , 1_maj ,,,,,,,
 0:maj , 1_maj , 0:maj , 1_maj ,,,,,,,
 3_maj , 3_maj , 10_maj , 10_maj ,,,,,,,
 3_maj , 3_maj , 10_maj , 3_maj ,,,,,,,
 3_maj , 3_maj , 10_maj , 10_maj ,,,,,,,
 3_maj , 3_maj , 10_maj , 3_maj ,,,,,,,
 10_maj , 3_maj , 10_maj , 3_maj ,,,,,,,
 10_maj , 3_maj , 10_maj , 3_maj ,,,,,,,
 3_maj , 3_maj , 10_maj , 10_maj ,,,,,,,
 3_maj , 3_maj , 10_maj , 3_maj ,,,,,,,
 10_maj , 3_maj , 10_maj , 3_maj ,,,,,,,
0,,,,,,,,,,
0,,,,,,,,,,
0,,,,,,,,,,
Wheels , 1_maj , 0:maj , 0:maj ,,,,,,,
 1_maj , 1_maj , 0:maj , 1_maj ,,,,,,,
 1_maj , 1_maj , 0:maj , 0:maj ,,,,,,,
 1_maj , 1_maj , 0:maj , 1_maj ,,,,,,,
 0:maj , 1_maj , 0:maj , 1_maj ,,,,,,,
 0:maj , 1_maj , 0:maj , 1_maj ,,,,,,,
 3_maj , 3_maj , 10_maj , 10_maj ,,,,,,,
 3_maj , 3_maj , 10_maj , 3_maj ,,,,,,,
 3_maj , 3_maj , 10_maj , 10_maj ,,,,,,,
 3_maj , 3_maj , 10_maj , 3_maj ,,,,,,,
 10_maj , 3_maj , 10_maj , 3_maj ,,,,,,,
 10_maj , 3_maj , 10_maj , 3_maj ,,,,,,,
 3_maj , 3_maj , 10_maj , 10_maj ,,,,,,,
 3_maj , 3_maj , 10_maj , 3_maj ,,,,,,,
 10_maj , 3_maj , 10_maj , 3_maj ,,,,,,,
0,,,,,,,,,,
0,,,,,,,,,,
0,,,,,,,,,,
Wichita Lineman, 6_maj6/5 , 1_maj7 , 6_maj6/5 ,,,,,,,
 6_maj7 , 5_min7 , 6_maj7 ,,,,,,,,
 10_min7 5_min7 , 3_maj , 10_maj , 10_maj ,,,,,,,
 0:maj6(9) , 0:maj6(9) , 3_maj(9)/3 , 6_maj6 ,,,,,,,
 10_maj , 5_sus4(9) ,,,,,,,,,
 6_maj , 0:maj(9) , 6_maj , 0:sus4(b7) ,,,,,,,
 6_maj7 , 5_min7 , 6_maj7 ,,,,,,,,
 10_min7 5_min7 , 3_maj , 10_maj , 10_maj ,,,,,,,
 0:maj6(9) , 0:maj6(9) , 3_maj(9)/3 , 6_maj6 ,,,,,,,
 10_maj , 5_sus4(9) ,,,,,,,,,
 6_maj , 0:maj(9) , 6_maj , 0:sus4(b7) ,,,,,,,
 6_maj7 , 1_maj , 0:sus4(b7) ,,,,,,,,
 10_min7 5_min7 , 3_maj , 10_maj , 10_maj ,,,,,,,
 0:maj6(9) , 0:maj6(9) , 3_maj(9)/3 , 6_maj6 ,,,,,,,
 10_maj , 5_sus4(9) ,,,,,,,,,
 6_maj , 0:maj(9) , 6_maj , 0:sus4(b7) ,,,,,,,
 6_maj , 0:maj(9) , 6_maj , 0:maj(9) ,,,,,,,
 6_maj , 0:maj(9) , 6_maj , 0:maj(9) ,,,,,,,
 6_maj , 0:maj(9) , 6_maj , 0:maj(9) ,,,,,,,
0,,,,,,,,,,
0,,,,,,,,,,
0,,,,,,,,,,
You Can Call Me Al, 6_maj 0:maj , 1_maj 0:maj , 6_maj 0:maj ,,,,,,,
 1_maj 0:maj , 6_maj 0:maj , 1_maj 0:maj , 6_maj 0:maj ,,,,,,,
 1_maj 0:sus4 , 6_maj 0:sus4 , 1_maj 0:sus4 , 6_maj 0:sus4 ,,,,,,,
 1_maj 0:sus4 , 6_maj 0:sus4 , 1_maj 0:sus4 , 6_maj 0:sus4 ,,,,,,,
 1_maj 0:sus4 , 6_maj 0:sus4 , 1_maj 0:sus4 , 6_maj 0:sus4 ,,,,,,,
 1_maj 0:sus4 , 6_maj 0:sus4 , 1_maj 0:sus4 , 6_maj 0:sus4 ,,,,,,,
 1_maj 0:maj , 6_maj 0:maj , 1_maj 0:maj , 6_maj 0:maj ,,,,,,,
 1_maj 0:maj , 6_maj 0:maj , 1_maj 0:maj , 6_maj 0:maj ,,,,,,,
 1_maj 0:sus4 , 6_maj 0:sus4 , 1_maj 0:sus4 , 6_maj 0:sus4 ,,,,,,,
 1_maj 0:sus4 , 6_maj 0:sus4 , 1_maj 0:sus4 , 6_maj 0:sus4 ,,,,,,,
 1_maj 0:sus4 , 6_maj 0:sus4 , 1_maj 0:sus4 , 6_maj 0:sus4 ,,,,,,,
 1_maj 0:sus4 , 6_maj 0:sus4 , 1_maj 0:sus4 , 6_maj 0:sus4 ,,,,,,,
 1_maj 0:maj , 6_maj 0:maj , 1_maj 0:maj , 6_maj 0:maj ,,,,,,,
 1_maj 0:maj , 6_maj 0:maj , 1_maj 0:maj , 6_maj 0:maj ,,,,,,,
 1_maj 0:sus4 , 6_maj 0:sus4 , 1_maj 0:sus4 , 6_maj 0:sus4 ,,,,,,,
 1_maj 0:sus4 , 6_maj 0:sus4 , 1_maj 0:sus4 , 6_maj 0:sus4 ,,,,,,,
 1_maj 0:sus4 , 6_maj 0:sus4 , 1_maj 0:sus4 , 6_maj 0:sus4 ,,,,,,,
 1_maj 0:sus4 , 6_maj 0:sus4 , 1_maj 0:sus4 , 6_maj 0:sus4 ,,,,,,,
 1_maj 0:maj , 6_maj 0:maj , 1_maj 0:maj , 6_maj 0:maj ,,,,,,,
 1_maj 0:maj , 6_maj 0:maj , 1_maj 0:maj , 6_maj 0:maj ,,,,,,,
 1_maj 0:sus4 , 6_maj 0:sus4 , 1_maj 0:sus4 , 6_maj 0:sus4 ,,,,,,,
 1_maj 0:sus4 , 6_maj 0:sus4 , 1_maj 0:sus4 , 6_maj 0:sus4 ,,,,,,,
 1_maj 0:sus4 , 6_maj 0:sus4 , 1_maj 0:sus4 , 6_maj 0:sus4 ,,,,,,,
 1_maj 0:sus4 , 6_maj 0:sus4 , 1_maj 0:sus4 , 6_maj 0:sus4 ,,,,,,,
 1_maj 0:maj , 6_maj 0:maj , 1_maj 0:maj , 6_maj 0:maj ,,,,,,,
 1_maj 0:maj , 6_maj 0:maj , 1_maj 0:maj , 6_maj 0:maj ,,,,,,,
 1_maj 0:sus4 , 6_maj 0:sus4 , 1_maj 0:sus4 , 6_maj 0:sus4 ,,,,,,,
 1_maj 0:sus4 , 6_maj 0:sus4 , 1_maj 0:sus4 , 6_maj 0:sus4 ,,,,,,,
 1_maj 0:sus4 , 6_maj 0:sus4 , 1_maj 0:sus4 , 6_maj 0:sus4 ,,,,,,,
 1_maj 0:sus4 , 6_maj 0:sus4 , 1_maj 0:sus4 , 6_maj 0:sus4 ,,,,,,,
 N , N ,,,,,,,,,
 1_maj 0:maj , 6_maj 0:maj , 1_maj 0:maj , 6_maj 0:maj ,,,,,,,
 1_maj 0:maj , 6_maj 0:maj , 1_maj 0:maj , 6_maj 0:maj ,,,,,,,
 1_maj 0:maj , 6_maj 0:maj , 1_maj 0:maj , 6_maj 0:maj ,,,,,,,
 1_maj 0:maj , 6_maj 0:maj , 1_maj 0:maj , 6_maj 0:maj ,,,,,,,
 1_maj 0:maj , 6_maj 0:maj , 1_maj 0:maj , 6_maj 0:maj ,,,,,,,
 1_maj 0:maj , 6_maj 0:maj , 1_maj 0:maj , 6_maj 0:maj ,,,,,,,
 1_maj 0:maj , 6_maj 0:maj , 1_maj 0:maj ,,,,,,,,
0,,,,,,,,,,
0,,,,,,,,,,
0,,,,,,,,,,
You Can Call Me Al, 6_maj 0:maj , 1_maj 0:maj , 6_maj 0:maj ,,,,,,,
 1_maj 0:maj , 6_maj 0:maj , 1_maj 0:maj , 6_maj 0:maj ,,,,,,,
 1_maj 0:sus4 , 6_maj 0:sus4 , 1_maj 0:sus4 , 6_maj 0:sus4 ,,,,,,,
 1_maj 0:sus4 , 6_maj 0:sus4 , 1_maj 0:sus4 , 6_maj 0:sus4 ,,,,,,,
 1_maj 0:sus4 , 6_maj 0:sus4 , 1_maj 0:sus4 , 6_maj 0:sus4 ,,,,,,,
 1_maj 0:sus4 , 6_maj 0:sus4 , 1_maj 0:sus4 , 6_maj 0:sus4 ,,,,,,,
 1_maj 0:maj , 6_maj 0:maj , 1_maj 0:maj , 6_maj 0:maj ,,,,,,,
 1_maj 0:maj , 6_maj 0:maj , 1_maj 0:maj , 6_maj 0:maj ,,,,,,,
 1_maj 0:sus4 , 6_maj 0:sus4 , 1_maj 0:sus4 , 6_maj 0:sus4 ,,,,,,,
 1_maj 0:sus4 , 6_maj 0:sus4 , 1_maj 0:sus4 , 6_maj 0:sus4 ,,,,,,,
 1_maj 0:sus4 , 6_maj 0:sus4 , 1_maj 0:sus4 , 6_maj 0:sus4 ,,,,,,,
 1_maj 0:sus4 , 6_maj 0:sus4 , 1_maj 0:sus4 , 6_maj 0:sus4 ,,,,,,,
 1_maj 0:maj , 6_maj 0:maj , 1_maj 0:maj , 6_maj 0:maj ,,,,,,,
 1_maj 0:maj , 6_maj 0:maj , 1_maj 0:maj , 6_maj 0:maj ,,,,,,,
 1_maj 0:sus4 , 6_maj 0:sus4 , 1_maj 0:sus4 , 6_maj 0:sus4 ,,,,,,,
 1_maj 0:sus4 , 6_maj 0:sus4 , 1_maj 0:sus4 , 6_maj 0:sus4 ,,,,,,,
 1_maj 0:sus4 , 6_maj 0:sus4 , 1_maj 0:sus4 , 6_maj 0:sus4 ,,,,,,,
 1_maj 0:sus4 , 6_maj 0:sus4 , 1_maj 0:sus4 , 6_maj 0:sus4 ,,,,,,,
 1_maj 0:maj , 6_maj 0:maj , 1_maj 0:maj , 6_maj 0:maj ,,,,,,,
 1_maj 0:maj , 6_maj 0:maj , 1_maj 0:maj , 6_maj 0:maj ,,,,,,,
 1_maj 0:sus4 , 6_maj 0:sus4 , 1_maj 0:sus4 , 6_maj 0:sus4 ,,,,,,,
 1_maj 0:sus4 , 6_maj 0:sus4 , 1_maj 0:sus4 , 6_maj 0:sus4 ,,,,,,,
 1_maj 0:sus4 , 6_maj 0:sus4 , 1_maj 0:sus4 , 6_maj 0:sus4 ,,,,,,,
 1_maj 0:sus4 , 6_maj 0:sus4 , 1_maj 0:sus4 , 6_maj 0:sus4 ,,,,,,,
 1_maj 0:maj , 6_maj 0:maj , 1_maj 0:maj , 6_maj 0:maj ,,,,,,,
 1_maj 0:maj , 6_maj 0:maj , 1_maj 0:maj , 6_maj 0:maj ,,,,,,,
 1_maj 0:sus4 , 6_maj 0:sus4 , 1_maj 0:sus4 , 6_maj 0:sus4 ,,,,,,,
 1_maj 0:sus4 , 6_maj 0:sus4 , 1_maj 0:sus4 , 6_maj 0:sus4 ,,,,,,,
 1_maj 0:sus4 , 6_maj 0:sus4 , 1_maj 0:sus4 , 6_maj 0:sus4 ,,,,,,,
 1_maj 0:sus4 , 6_maj 0:sus4 , 1_maj 0:sus4 , 6_maj 0:sus4 ,,,,,,,
 N , N ,,,,,,,,,
 1_maj 0:maj , 6_maj 0:maj , 1_maj 0:maj , 6_maj 0:maj ,,,,,,,
 1_maj 0:maj , 6_maj 0:maj , 1_maj 0:maj , 6_maj 0:maj ,,,,,,,
 1_maj 0:maj , 6_maj 0:maj , 1_maj 0:maj , 6_maj 0:maj ,,,,,,,
 1_maj 0:maj , 6_maj 0:maj , 1_maj 0:maj , 6_maj 0:maj ,,,,,,,
 1_maj 0:maj , 6_maj 0:maj , 1_maj 0:maj , 6_maj 0:maj ,,,,,,,
 1_maj 0:maj , 6_maj 0:maj , 1_maj 0:maj , 6_maj 0:maj ,,,,,,,
 1_maj 0:maj , 6_maj 0:maj , 1_maj 0:maj ,,,,,,,,
0,,,,,,,,,,
0,,,,,,,,,,
0,,,,,,,,,,
"You're The First, The Last, My Everything", 0:1 , 0:1 , 0:1 ,,,,,,,
 1_maj , 1_maj7 , 10_min , 10_min ,,,,,,,
 1_maj7 , 1_7 , 6_maj , 6_maj ,,,,,,,
 3_min7 , 0:7 , 5_min7 , 10_min ,,,,,,,
 3_7 , 3_7 , 6_min6 , 0:7 ,,,,,,,
 1_maj , 1_maj7 , 10_min , 10_min ,,,,,,,
 1_maj7 , 1_7 , 6_maj , 6_maj ,,,,,,,
 6_maj , 6_min6 , 1_maj7 , 10_7 ,,,,,,,
 3_7 , 0:7 ,,,,,,,,,
 1_maj , 1_maj , 1_maj , 1_maj ,,,,,,,
 1_maj , 1_maj7 , 10_min , 10_min ,,,,,,,
 1_maj7 , 1_7 , 6_maj , 6_maj ,,,,,,,
 3_min7 , 0:7 , 5_min7 , 10_min ,,,,,,,
 3_7 , 3_7 , 6_min6 , 0:7 ,,,,,,,
 1_maj , 1_maj7 , 10_min , 10_min ,,,,,,,
 1_maj7 , 1_7 , 6_maj , 6_maj ,,,,,,,
 6_maj , 6_min6 , 1_maj7 , 10_7 ,,,,,,,
 3_7 , 0:7 ,,,,,,,,,
 1_maj , 1_maj , 1_maj , 1_maj ,,,,,,,
 1_maj , 1_maj , 1_maj7 , 1_maj7 ,,,,,,,
 1_7 , 1_7 , 6_maj , 6_maj ,,,,,,,
 6_maj , 6_min6 , 1_maj , 10_7 ,,,,,,,
 3_7 , 0:7 ,,,,,,,,,
 1_maj , 1_maj7 , 10_min , 10_min ,,,,,,,
 1_maj7 , 1_7 , 6_maj , 6_maj ,,,,,,,
 6_maj , 6_min6 , 1_maj , 10_7 ,,,,,,,
 3_7 , 0:7 , ->,,,,,,,,
 1_maj , 1_maj , 1_maj , 1_maj ,,,,,,,
 1_maj , 1_maj , 1_maj , 1_maj ,,,,,,,
 1_maj , 1_maj , 1_maj , 1_maj ,,,,,,,
0,,,,,,,,,,
0,,,,,,,,,,